IRHT_03427_2.jpg,0.0,0.0,0.0,0.29,0.65,0.02,0.0,0.0,0.0,0.01,0.02,0.0,0.0,0.0,0.0
IRHT_073651_2.jpg,0.0,0.0,0.0,0.0,0.01,0.01,0.06,0.11,0.08,0.17,0.44,0.12,0.0,0.0,0.0
B140475201_MS0066_0024.jpg,0.0,0.0,0.01,0.0,0.41,0.05,0.21,0.11,0.01,0.15,0.01,0.03,0.0,0.0,0.0
btv1b55009808d_f107.jpg,0.0,0.0,0.0,0.0,0.96,0.01,0.0,0.0,0.02,0.0,0.0,0.0,0.0,0.0,0.0
btv1b9066947b_f21.jpg,0.91,0.03,0.02,0.0,0.0,0.0,0.0,0.0,0.0,0.01,0.0,0.0,0.01,0.0,0.0
IRHT_P_006313.tif,0.0,0.0,0.0,0.22,0.77,0.0,0.0,0.0,0.0,0.0,0.0,0.0,0.0,0.0,0.0
710146101_S_019_019bis_0142.jpg,0.91,0.01,0.01,0.0,0.0,0.02,0.01,0.0,0.0,0.01,0.01,0.0,0.01,0.0,0.0
CMDF_1_101b.jpg,0.0,0.0,0.0,0.0,0.0,0.0,0.0,0.0,0.0,1.0,0.0,0.0,0.0,0.0,0.0
IRHT_P_007137.tif,0.0,0.0,0.0,0.0,0.02,0.28,0.26,0.16,0.12,0.13,0.02,0.0,0.0,0.0,0.0
IRHT_P_007317.tif,0.04,0.0,0.0,0.0,0.0,0.0,0.07,0.02,0.23,0.48,0.11,0.03,0.0,0.0,0.0
btv1b90660581_f62.jpg,0.0,0.0,0.91,0.04,0.0,0.0,0.0,0.0,0.01,0.01,0.01,0.01,0.0,0.0,0.0
IRHT_P_006877.tif,0.01,0.0,0.01,0.0,0.0,0.01,0.05,0.04,0.13,0.59,0.14,0.0,0.0,0.01,0.0
CMDF_1_167a.jpg,0.01,0.01,0.01,0.0,0.01,0.01,0.03,0.0,0.01,0.11,0.08,0.01,0.48,0.19,0.03
IRHT_P_007477.tif,0.0,0.0,0.05,0.01,0.0,0.04,0.19,0.01,0.11,0.51,0.05,0.0,0.0,0.0,0.02
IRHT_022399_2.jpg,0.0,0.0,0.0,0.07,0.59,0.0,0.0,0.0,0.0,0.0,0.29,0.0,0.0,0.0,0.05
B680666101_MS0211_0026.jpg,0.0,0.0,0.0,0.0,0.0,0.0,0.01,0.02,0.11,0.83,0.02,0.01,0.0,0.0,0.0
IRHT_099612_2.jpg,0.0,0.0,0.01,0.0,0.67,0.03,0.1,0.07,0.04,0.05,0.01,0.01,0.0,0.0,0.0
IRHT_P_006605.tif,0.0,0.0,1.0,0.0,0.0,0.0,0.0,0.0,0.0,0.0,0.0,0.0,0.0,0.0,0.0
IRHT_P_006714.tif,0.0,0.0,0.0,0.0,0.98,0.01,0.0,0.0,0.0,0.0,0.0,0.0,0.0,0.0,0.0
763516101_MS0332_0023.jpg,0.05,0.6,0.3,0.0,0.0,0.01,0.01,0.0,0.0,0.01,0.0,0.0,0.0,0.0,0.0
IRHT_164083_2.jpg,0.01,0.02,0.91,0.02,0.0,0.0,0.0,0.0,0.02,0.01,0.0,0.0,0.0,0.0,0.0
IRHT_P_008994.tif,0.0,0.0,0.01,0.0,0.0,0.0,0.0,0.01,0.05,0.92,0.02,0.0,0.0,0.0,0.0
330636101_MS0695_0196.jpg,0.0,0.0,0.0,0.0,0.03,0.02,0.02,0.0,0.25,0.18,0.43,0.05,0.0,0.0,0.0
CMDF_1_1a.jpg,0.35,0.21,0.04,0.0,0.0,0.01,0.01,0.0,0.01,0.02,0.02,0.01,0.05,0.2,0.07
M601415401_MS0739_0028.jpg,0.0,0.19,0.61,0.0,0.0,0.19,0.0,0.01,0.0,0.0,0.0,0.0,0.0,0.0,0.0
CMDF_1_147b.jpg,0.01,0.01,0.07,0.0,0.01,0.0,0.05,0.15,0.0,0.16,0.04,0.05,0.02,0.41,0.0
B141185106_MS0343_0007.jpg,0.08,0.0,0.02,0.02,0.0,0.01,0.01,0.0,0.12,0.48,0.15,0.05,0.03,0.0,0.02
751062305_Ms_Mas_0033_0071.jpg,0.01,0.0,0.01,0.01,0.0,0.03,0.03,0.07,0.11,0.39,0.27,0.03,0.03,0.0,0.01
IRHT_P_008041.tif,0.0,0.07,0.93,0.0,0.0,0.0,0.0,0.0,0.0,0.0,0.0,0.0,0.0,0.0,0.0
IRHT_P_007957.tif,0.0,0.0,0.9,0.1,0.0,0.0,0.0,0.0,0.0,0.0,0.0,0.0,0.0,0.0,0.0
IRHT_06586_2.jpg,0.0,0.0,0.0,0.0,0.0,0.02,0.94,0.0,0.0,0.01,0.02,0.0,0.0,0.0,0.0
IRHT_099723_2.jpg,0.0,0.44,0.28,0.08,0.04,0.0,0.0,0.0,0.03,0.08,0.03,0.0,0.0,0.0,0.0
btv1b52500967c_f85.jpg,0.0,0.0,0.71,0.12,0.03,0.01,0.02,0.0,0.0,0.03,0.02,0.02,0.01,0.03,0.0
IRHT_P_007948.tif,0.07,0.05,0.88,0.0,0.0,0.0,0.0,0.0,0.0,0.0,0.0,0.0,0.0,0.0,0.0
IRHT_099734_2.jpg,0.0,0.72,0.23,0.03,0.0,0.0,0.0,0.0,0.0,0.01,0.0,0.0,0.0,0.0,0.0
btv1b9068416p_f20.jpg,0.22,0.0,0.08,0.02,0.01,0.27,0.07,0.04,0.02,0.13,0.11,0.01,0.01,0.0,0.01
IRHT_030597_2.jpg,0.01,0.0,0.04,0.0,0.04,0.13,0.15,0.01,0.1,0.21,0.26,0.02,0.01,0.01,0.01
IRHT_P_007343.tif,0.0,0.0,0.01,0.0,0.02,0.03,0.03,0.04,0.14,0.29,0.4,0.02,0.01,0.01,0.0
591226101_MS0029_0230.jpg,0.0,0.0,0.0,0.01,0.04,0.25,0.24,0.21,0.09,0.11,0.04,0.01,0.0,0.0,0.0
CMDF_1_12b.jpg,0.03,0.09,0.52,0.07,0.02,0.01,0.04,0.02,0.02,0.15,0.02,0.01,0.0,0.0,0.01
B514546101_MS0291_00049_C.jpg,0.0,0.0,0.0,0.86,0.12,0.01,0.0,0.0,0.0,0.0,0.0,0.0,0.0,0.0,0.0
btv1b84262947_f103.jpg,1.0,0.0,0.0,0.0,0.0,0.0,0.0,0.0,0.0,0.0,0.0,0.0,0.0,0.0,0.0
IRHT_P_007417.tif,0.0,0.0,0.0,0.0,0.01,0.01,0.05,0.04,0.16,0.71,0.02,0.01,0.0,0.0,0.0
btv1b8451104r_f80.jpg,0.0,0.0,0.0,0.0,0.0,0.01,0.08,0.25,0.27,0.12,0.23,0.01,0.02,0.0,0.0
IRHT_P_007842.tif,0.82,0.17,0.01,0.0,0.0,0.0,0.0,0.0,0.0,0.0,0.0,0.0,0.0,0.0,0.0
B222786201_MS0007_0075.jpg,0.01,0.0,0.96,0.01,0.0,0.0,0.0,0.0,0.0,0.01,0.0,0.0,0.0,0.0,0.0
CMDF_1_123a.jpg,0.02,0.04,0.05,0.01,0.07,0.06,0.05,0.05,0.04,0.48,0.1,0.01,0.0,0.01,0.01
CMDF_1_149b.jpg,0.0,0.0,0.01,0.0,0.0,0.0,0.02,0.0,0.03,0.88,0.04,0.01,0.0,0.0,0.0
IRHT_P_006592.tif,0.0,0.06,0.93,0.0,0.0,0.0,0.0,0.0,0.0,0.0,0.0,0.0,0.0,0.0,0.0
M601415401_MS0051_0005.jpg,0.03,0.01,0.06,0.09,0.02,0.29,0.11,0.03,0.02,0.11,0.11,0.04,0.06,0.01,0.03
IRHT_P_006958.tif,0.37,0.41,0.19,0.0,0.0,0.0,0.0,0.0,0.0,0.0,0.0,0.0,0.0,0.0,0.0
IRHT_162567_2.jpg,0.06,0.02,0.16,0.03,0.03,0.07,0.01,0.2,0.03,0.35,0.02,0.02,0.0,0.0,0.0
IRHT_P_006307.tif,0.0,0.0,0.25,0.54,0.11,0.01,0.0,0.0,0.01,0.04,0.01,0.0,0.0,0.02,0.0
B140475201_MS0117_0047.jpg,0.0,0.0,0.02,0.26,0.23,0.27,0.17,0.01,0.0,0.03,0.0,0.0,0.0,0.0,0.0
751062305_Ms_Mas_0013_0177.jpg,0.01,0.0,0.11,0.34,0.27,0.12,0.03,0.01,0.0,0.04,0.01,0.01,0.01,0.01,0.02
M601415401_MS1477_0067.jpg,0.0,0.0,0.0,0.01,0.02,0.02,0.08,0.56,0.01,0.14,0.08,0.05,0.01,0.01,0.0
btv1b90669517_f43.jpg,0.02,0.0,0.01,0.01,0.0,0.0,0.01,0.0,0.1,0.52,0.27,0.02,0.03,0.0,0.01
315556101_MS0894_0066.jpg,0.02,0.0,0.0,0.0,0.0,0.0,0.01,0.08,0.09,0.69,0.06,0.01,0.0,0.01,0.0
710766101_MS0018_0019.jpg,0.0,0.0,1.0,0.0,0.0,0.0,0.0,0.0,0.0,0.0,0.0,0.0,0.0,0.0,0.0
btv1b10515439v_f36.jpg,0.0,0.21,0.58,0.0,0.01,0.15,0.0,0.0,0.04,0.0,0.0,0.0,0.0,0.0,0.0
IRHT_04549_2.jpg,0.0,0.0,0.0,0.01,0.23,0.44,0.0,0.0,0.05,0.19,0.07,0.0,0.0,0.0,0.0
IRHT_P_007843.tif,0.43,0.02,0.55,0.0,0.0,0.0,0.0,0.0,0.0,0.0,0.0,0.0,0.0,0.0,0.0
IRHT_157854_2.jpg,0.0,0.0,0.0,0.0,0.0,0.0,0.01,0.13,0.08,0.73,0.04,0.01,0.0,0.0,0.0
IRHT_P_006332.tif,0.0,0.0,0.03,0.04,0.52,0.15,0.15,0.02,0.01,0.04,0.03,0.01,0.0,0.0,0.0
330636101_MS0780_0253.jpg,0.0,0.0,0.01,0.01,0.22,0.6,0.01,0.01,0.08,0.03,0.05,0.0,0.0,0.0,0.0
M601415401_MS0428_0264.jpg,0.0,0.0,0.05,0.42,0.41,0.09,0.0,0.0,0.0,0.01,0.0,0.0,0.0,0.0,0.0
IRHT_051876_2.jpg,0.88,0.09,0.0,0.0,0.0,0.0,0.0,0.0,0.01,0.01,0.01,0.0,0.0,0.0,0.0
IRHT_162016_2.jpg,0.0,0.0,0.85,0.01,0.0,0.01,0.02,0.0,0.01,0.03,0.04,0.0,0.01,0.0,0.0
IRHT_P_000596.tif,0.02,0.0,0.15,0.0,0.0,0.0,0.0,0.0,0.03,0.07,0.02,0.4,0.26,0.02,0.02
IRHT_P_006873.tif,0.0,0.0,0.0,0.0,0.0,0.0,0.02,0.0,0.02,0.96,0.0,0.0,0.0,0.0,0.0
btv1b9078172j_f57.jpg,1.0,0.0,0.0,0.0,0.0,0.0,0.0,0.0,0.0,0.0,0.0,0.0,0.0,0.0,0.0
CMDF_1_120a.jpg,0.0,0.0,0.0,0.0,0.0,0.0,0.01,0.0,0.0,0.99,0.0,0.0,0.0,0.0,0.0
CMDF_1_66a.jpg,0.02,0.0,0.0,0.0,0.0,0.0,0.01,0.07,0.01,0.88,0.0,0.0,0.0,0.0,0.0
141185204_Coll_Mancel_MS0242_0018.jpg,0.0,0.0,0.0,0.0,0.07,0.31,0.13,0.02,0.07,0.13,0.18,0.01,0.02,0.02,0.03
btv1b10541987g_f205.jpg,0.76,0.04,0.17,0.0,0.0,0.0,0.0,0.0,0.0,0.0,0.01,0.0,0.0,0.0,0.0
B721816101_MS0157_0031.jpg,0.0,0.0,0.01,0.18,0.78,0.01,0.0,0.0,0.0,0.0,0.0,0.0,0.0,0.0,0.0
IRHT_128107_2.jpg,0.99,0.0,0.0,0.0,0.0,0.0,0.0,0.0,0.0,0.01,0.0,0.0,0.0,0.0,0.0
B081056201_MS0172_00119.jpg,0.0,0.0,0.92,0.05,0.02,0.0,0.0,0.0,0.0,0.0,0.0,0.0,0.0,0.0,0.0
IRHT_11913_2.jpg,0.0,0.0,0.0,0.01,0.03,0.06,0.78,0.03,0.01,0.07,0.01,0.0,0.0,0.0,0.0
IRHT_P_005138.tif,0.0,0.0,0.0,0.0,0.0,0.0,0.01,0.01,0.6,0.24,0.13,0.01,0.0,0.0,0.0
btv1b90664733_f71.jpg,0.36,0.02,0.02,0.0,0.0,0.0,0.01,0.0,0.05,0.39,0.08,0.04,0.01,0.0,0.02
B141185106_MS0446_0012.jpg,0.0,0.0,0.0,0.0,0.0,0.0,0.03,0.03,0.05,0.43,0.32,0.13,0.0,0.0,0.0
IRHT_092813_2.jpg,0.0,0.0,0.0,0.0,0.54,0.03,0.08,0.25,0.01,0.04,0.02,0.0,0.01,0.0,0.0
IRHT_099532_2.jpg,0.0,0.04,0.46,0.48,0.02,0.0,0.0,0.0,0.0,0.0,0.0,0.0,0.0,0.0,0.0
IRHT_P_006997.tif,0.0,0.0,0.0,0.0,0.0,0.0,0.0,0.0,0.0,0.27,0.73,0.0,0.0,0.0,0.0
IRHT_15381_2.jpg,0.0,0.0,0.0,0.0,0.01,0.08,0.75,0.03,0.01,0.1,0.01,0.0,0.0,0.0,0.0
btv1b90780170_f86.jpg,0.0,0.0,0.03,0.05,0.4,0.27,0.03,0.0,0.03,0.05,0.1,0.01,0.01,0.0,0.01
CMDF_1_156b.jpg,0.01,0.0,0.02,0.0,0.0,0.0,0.0,0.0,0.0,0.96,0.0,0.0,0.0,0.0,0.0
CMDF_1_71a.jpg,0.0,0.0,0.01,0.0,0.0,0.0,0.0,0.02,0.0,0.98,0.0,0.0,0.0,0.0,0.0
IRHT_P_007114.tif,0.0,0.0,0.0,0.0,0.0,0.0,0.0,0.3,0.5,0.19,0.0,0.0,0.0,0.0,0.0
CMDF_1_64b.jpg,0.0,0.0,0.02,0.0,0.0,0.0,0.01,0.02,0.02,0.9,0.02,0.0,0.0,0.0,0.01
btv1b9076841s_f7.jpg,0.96,0.0,0.01,0.0,0.0,0.0,0.0,0.0,0.01,0.01,0.0,0.0,0.0,0.0,0.01
500256201_MS0214_0038.jpg,0.0,0.13,0.52,0.12,0.03,0.02,0.03,0.02,0.01,0.09,0.03,0.01,0.0,0.0,0.01
IRHT_P_005002.tif,0.0,0.0,0.0,0.0,0.01,0.0,0.0,0.02,0.04,0.88,0.03,0.01,0.0,0.0,0.0
btv1b9068471w_f101.jpg,0.02,0.0,0.09,0.16,0.09,0.37,0.11,0.02,0.02,0.07,0.03,0.0,0.02,0.0,0.0
M601415401_MS0062_0026.jpg,0.01,0.0,0.03,0.02,0.02,0.06,0.19,0.14,0.07,0.23,0.13,0.03,0.02,0.02,0.02
btv1b55008562q_f7.jpg,0.02,0.02,0.05,0.01,0.02,0.01,0.02,0.01,0.03,0.05,0.33,0.21,0.18,0.02,0.03
500256201_MS0035_0032.jpg,0.03,0.84,0.07,0.0,0.0,0.0,0.0,0.0,0.0,0.03,0.01,0.0,0.01,0.0,0.0
btv1b10543447m_f84.jpg,0.0,0.0,0.15,0.78,0.04,0.01,0.0,0.0,0.0,0.0,0.0,0.0,0.0,0.0,0.0
IRHT_07884_2.jpg,0.0,0.0,0.0,0.0,0.02,0.02,0.06,0.42,0.11,0.08,0.27,0.0,0.0,0.0,0.0
btv1b90660514_f32.jpg,0.03,0.01,0.51,0.01,0.08,0.16,0.01,0.0,0.0,0.03,0.13,0.0,0.01,0.0,0.0
B490076101_MS0283_0014.jpg,0.1,0.17,0.69,0.02,0.0,0.0,0.0,0.0,0.0,0.0,0.0,0.0,0.0,0.0,0.0
CMDF_1_58b.jpg,0.0,0.0,0.0,0.0,0.03,0.02,0.08,0.01,0.03,0.79,0.02,0.0,0.0,0.0,0.0
IRHT_P_000512.tif,0.0,0.0,0.01,0.0,0.0,0.0,0.01,0.26,0.07,0.48,0.03,0.1,0.01,0.01,0.0
IRHT_152825_2.jpg,0.0,0.0,0.0,0.28,0.68,0.03,0.01,0.0,0.0,0.0,0.0,0.0,0.0,0.0,0.0
710766101_MS0027_0079.jpg,0.0,0.12,0.88,0.0,0.0,0.0,0.0,0.0,0.0,0.0,0.0,0.0,0.0,0.0,0.0
710146101_S_003_004_0039.jpg,0.99,0.0,0.0,0.0,0.0,0.0,0.0,0.0,0.0,0.0,0.0,0.0,0.0,0.0,0.0
IRHT_P_002357.tif,0.0,0.0,0.0,0.0,0.01,0.06,0.23,0.01,0.11,0.09,0.23,0.23,0.01,0.0,0.0
IRHT_041318_2.jpg,0.0,0.0,0.0,0.0,0.52,0.12,0.0,0.17,0.0,0.0,0.05,0.14,0.0,0.0,0.0
IRHT_083578_2.jpg,0.0,0.0,0.0,0.1,0.69,0.13,0.0,0.02,0.0,0.01,0.03,0.0,0.0,0.0,0.01
CMDF_1_131b.jpg,0.0,0.0,0.0,0.0,0.0,0.0,0.0,0.01,0.0,0.98,0.0,0.0,0.0,0.0,0.0
M601415401_MS0428_0008.jpg,0.0,0.0,0.03,0.09,0.78,0.06,0.0,0.01,0.0,0.01,0.01,0.01,0.0,0.0,0.0
B591226101_MS0864_0132.jpg,0.3,0.41,0.07,0.01,0.02,0.01,0.01,0.01,0.02,0.09,0.03,0.0,0.0,0.0,0.0
IRHT_162754_2.jpg,0.99,0.01,0.0,0.0,0.0,0.0,0.0,0.0,0.0,0.0,0.0,0.0,0.0,0.0,0.0
IRHT_P_006044.tif,0.38,0.33,0.19,0.0,0.0,0.0,0.0,0.01,0.01,0.01,0.04,0.0,0.01,0.01,0.0
IRHT_053639_2.jpg,0.0,0.31,0.56,0.13,0.0,0.0,0.0,0.0,0.0,0.0,0.0,0.0,0.0,0.0,0.0
CMDF_1_86b.jpg,0.0,0.0,0.0,0.0,0.0,0.0,0.0,0.01,0.0,0.98,0.01,0.0,0.0,0.0,0.0
M601415401_MS0599_0005.jpg,0.03,0.02,0.11,0.02,0.02,0.2,0.08,0.04,0.08,0.13,0.13,0.05,0.05,0.01,0.04
IRHT_153847_2.jpg,0.05,0.01,0.06,0.24,0.45,0.07,0.04,0.01,0.01,0.03,0.01,0.0,0.0,0.0,0.01
CMDF_1_67a.jpg,0.01,0.0,0.0,0.0,0.0,0.01,0.0,0.05,0.01,0.91,0.0,0.0,0.0,0.0,0.0
btv1b60002931_f161.jpg,0.0,0.0,0.01,0.0,0.06,0.29,0.27,0.02,0.03,0.31,0.02,0.0,0.0,0.0,0.0
B721816101_MS0195_0019.jpg,0.0,0.0,0.01,0.0,0.11,0.24,0.42,0.13,0.04,0.05,0.01,0.0,0.0,0.0,0.0
B721816101_MS0228_0047.jpg,0.03,0.79,0.14,0.03,0.0,0.0,0.0,0.0,0.0,0.01,0.0,0.0,0.0,0.0,0.0
CMDF_1_184b.jpg,0.02,0.0,0.01,0.12,0.03,0.02,0.17,0.01,0.01,0.6,0.01,0.01,0.0,0.0,0.0
btv1b9077944p_f92.jpg,0.0,0.0,0.0,0.01,0.21,0.16,0.55,0.04,0.0,0.02,0.0,0.0,0.0,0.0,0.0
M601415401_MS0009_0111.jpg,0.0,0.0,0.04,0.58,0.07,0.03,0.02,0.01,0.05,0.06,0.06,0.02,0.04,0.01,0.02
CMDF_1_80b.jpg,0.0,0.0,0.0,0.0,0.0,0.0,0.0,0.0,0.0,1.0,0.0,0.0,0.0,0.0,0.0
btv1b10515749d_f71.jpg,0.01,0.03,0.03,0.01,0.03,0.04,0.03,0.28,0.08,0.15,0.2,0.07,0.01,0.02,0.02
CMDF_1_46a.jpg,0.01,0.0,0.01,0.01,0.01,0.06,0.04,0.05,0.08,0.68,0.05,0.0,0.0,0.0,0.0
IRHT_P_007901.tif,0.03,0.09,0.84,0.03,0.0,0.01,0.0,0.0,0.0,0.0,0.0,0.0,0.0,0.0,0.0
btv1b525073160_f169.jpg,0.0,0.0,0.0,0.0,0.0,0.0,0.0,0.01,0.09,0.64,0.19,0.06,0.0,0.0,0.0
btv1b9078093c_f45.jpg,0.0,0.0,0.05,0.02,0.81,0.05,0.02,0.0,0.02,0.02,0.01,0.0,0.0,0.0,0.0
IRHT_161123_2.jpg,0.0,0.0,0.01,0.78,0.13,0.04,0.02,0.0,0.0,0.01,0.0,0.0,0.0,0.0,0.0
IRHT_14531_2.jpg,0.0,0.75,0.15,0.04,0.0,0.0,0.0,0.0,0.01,0.04,0.0,0.0,0.0,0.0,0.0
IRHT_031912_2.jpg,0.0,0.0,0.0,0.02,0.79,0.02,0.0,0.0,0.0,0.0,0.17,0.0,0.0,0.0,0.0
btv1b9080991f_f19.jpg,0.0,0.0,0.71,0.06,0.01,0.04,0.01,0.0,0.02,0.06,0.06,0.01,0.02,0.01,0.0
btv1b6001165p_f23.jpg,0.13,0.15,0.46,0.0,0.0,0.04,0.02,0.01,0.02,0.06,0.03,0.02,0.02,0.01,0.02
btv1b9067089w_f7.jpg,0.01,0.08,0.09,0.02,0.34,0.3,0.13,0.0,0.0,0.03,0.0,0.0,0.0,0.0,0.0
IRHT_039454_2.jpg,0.0,0.0,0.0,0.0,0.49,0.38,0.01,0.0,0.01,0.04,0.07,0.0,0.0,0.0,0.0
IRHT_054721_2.jpg,0.0,0.0,0.0,0.0,0.1,0.71,0.04,0.08,0.01,0.01,0.03,0.0,0.0,0.0,0.0
141186101_MS0029_368_in_fol_018_0244.jpg,0.0,0.0,0.01,0.0,0.01,0.0,0.03,0.0,0.29,0.28,0.26,0.08,0.02,0.0,0.01
IRHT_P_007954.tif,0.0,0.61,0.39,0.0,0.0,0.0,0.0,0.0,0.0,0.0,0.0,0.0,0.0,0.0,0.0
btv1b84274502_f167.jpg,0.92,0.01,0.02,0.0,0.0,0.01,0.01,0.0,0.0,0.01,0.0,0.0,0.0,0.0,0.0
IRHT_072175_2.jpg,0.0,0.0,0.0,0.01,0.78,0.17,0.0,0.0,0.0,0.01,0.03,0.0,0.0,0.0,0.0
IRHT_P_008075.tif,0.01,0.0,0.0,0.0,0.0,0.0,0.21,0.68,0.01,0.02,0.07,0.0,0.0,0.0,0.0
IRHT_P_006485.tif,0.0,0.07,0.91,0.0,0.0,0.02,0.0,0.0,0.0,0.0,0.0,0.0,0.0,0.0,0.0
IRHT_P_007091.tif,0.0,0.0,0.0,0.0,0.0,0.0,0.01,0.01,0.03,0.15,0.66,0.11,0.03,0.0,0.0
B441096101_MS0030_0017.jpg,0.02,0.0,0.15,0.16,0.04,0.37,0.06,0.01,0.01,0.11,0.05,0.01,0.0,0.0,0.0
CMDF_1_109b.jpg,0.0,0.01,0.01,0.0,0.01,0.0,0.0,0.03,0.0,0.72,0.1,0.01,0.0,0.11,0.0
IRHT_P_007257.tif,0.01,0.0,0.0,0.01,0.01,0.03,0.03,0.04,0.16,0.7,0.02,0.0,0.0,0.0,0.0
IRHT_P_007872.tif,0.0,0.0,0.82,0.17,0.0,0.01,0.0,0.0,0.0,0.0,0.0,0.0,0.0,0.0,0.0
B514546101_MS0761_00394.jpg,0.0,0.0,0.0,0.1,0.27,0.14,0.01,0.01,0.0,0.22,0.25,0.0,0.0,0.0,0.0
CMDF_1_87b.jpg,0.0,0.0,0.02,0.0,0.0,0.01,0.02,0.01,0.06,0.76,0.07,0.03,0.0,0.01,0.01
CMDF_1_102a.jpg,0.01,0.0,0.01,0.0,0.0,0.0,0.0,0.0,0.01,0.96,0.0,0.0,0.0,0.0,0.0
500256201_MS0035_0091.jpg,0.02,0.79,0.16,0.0,0.0,0.0,0.0,0.0,0.0,0.01,0.0,0.0,0.0,0.0,0.0
M601415401_MS0649_0010.jpg,0.0,0.0,0.06,0.03,0.21,0.53,0.12,0.0,0.01,0.02,0.01,0.0,0.0,0.0,0.0
btv1b9078049z_f55.jpg,0.0,0.0,0.01,0.0,0.0,0.01,0.53,0.37,0.02,0.03,0.03,0.0,0.0,0.0,0.0
IRHT_P_007839.tif,0.0,0.0,0.83,0.17,0.0,0.0,0.0,0.0,0.0,0.0,0.0,0.0,0.0,0.0,0.0
BU674821001_MS1555_0119.jpg,0.01,0.0,0.03,0.0,0.04,0.05,0.03,0.15,0.04,0.25,0.02,0.36,0.0,0.01,0.0
M601415401_MS0740_0012.jpg,0.04,0.04,0.9,0.0,0.0,0.01,0.0,0.0,0.0,0.01,0.0,0.0,0.0,0.0,0.0
CMDF_1_152b.jpg,0.08,0.09,0.09,0.01,0.01,0.05,0.03,0.0,0.01,0.05,0.12,0.07,0.34,0.03,0.02
flickr_com_photos_bmmetz_12499126135_sizes_o.jpg,0.72,0.18,0.02,0.0,0.0,0.0,0.0,0.0,0.0,0.06,0.0,0.0,0.0,0.01,0.0
M601415401_MS0775_0023.jpg,0.01,0.01,0.96,0.0,0.0,0.0,0.0,0.0,0.0,0.0,0.0,0.01,0.0,0.0,0.0
CMDF_1_50a.jpg,0.0,0.0,0.0,0.01,0.01,0.02,0.18,0.01,0.0,0.77,0.0,0.0,0.0,0.0,0.0
B140475201_MS0075_0049.jpg,0.0,0.0,0.01,0.0,0.04,0.01,0.07,0.04,0.02,0.53,0.25,0.01,0.0,0.01,0.0
CMDF_1_191b.jpg,0.0,0.0,0.0,0.0,0.0,0.01,0.02,0.04,0.02,0.78,0.12,0.0,0.0,0.0,0.0
btv1b8432466n_f113.jpg,0.0,0.0,0.0,0.04,0.66,0.1,0.05,0.01,0.0,0.03,0.02,0.07,0.0,0.0,0.0
IRHT_P_008987.tif,0.0,0.0,0.0,0.01,0.69,0.3,0.0,0.0,0.0,0.0,0.0,0.0,0.0,0.0,0.0
CMDF_1_84b.jpg,0.01,0.0,0.02,0.0,0.0,0.0,0.01,0.01,0.01,0.92,0.01,0.0,0.0,0.0,0.0
M601415401_MS0040_0006.jpg,0.44,0.02,0.09,0.01,0.01,0.03,0.1,0.01,0.01,0.15,0.08,0.02,0.01,0.02,0.01
B721816101_MS0109_0039.jpg,0.0,0.04,0.03,0.46,0.17,0.19,0.08,0.01,0.01,0.0,0.0,0.0,0.0,0.0,0.0
btv1b90684262_f59.jpg,0.12,0.01,0.05,0.02,0.01,0.03,0.09,0.13,0.15,0.13,0.09,0.04,0.1,0.01,0.02
IRHT_P_007209.tif,0.0,0.0,0.0,0.01,0.45,0.54,0.0,0.0,0.0,0.01,0.0,0.0,0.0,0.0,0.0
B301896101_MS014_00123_C.jpg,0.01,0.01,0.43,0.01,0.01,0.13,0.05,0.01,0.03,0.11,0.11,0.04,0.04,0.01,0.02
btv1b90671704_f90.jpg,0.0,0.0,0.01,0.0,0.0,0.01,0.48,0.27,0.11,0.08,0.03,0.0,0.0,0.0,0.0
btv1b90726658_f7.jpg,0.0,0.0,0.01,0.11,0.71,0.17,0.0,0.0,0.0,0.0,0.0,0.0,0.0,0.0,0.0
btv1b90665543_f51.jpg,0.0,0.0,0.01,0.09,0.22,0.54,0.06,0.03,0.01,0.01,0.02,0.0,0.0,0.0,0.0
IRHT_026067_2.jpg,0.0,0.0,0.0,0.0,0.01,0.02,0.12,0.02,0.06,0.45,0.31,0.0,0.01,0.0,0.0
IRHT_P_007315.tif,0.0,0.0,0.0,0.01,0.0,0.01,0.0,0.02,0.29,0.54,0.12,0.0,0.0,0.0,0.0
IRHT_163814_2.jpg,0.0,0.0,0.0,0.0,0.0,0.01,0.24,0.04,0.14,0.35,0.22,0.0,0.0,0.0,0.0
IRHT_P_007918.tif,0.86,0.1,0.03,0.0,0.0,0.0,0.0,0.0,0.0,0.0,0.0,0.0,0.0,0.0,0.0
IRHT_14542_2.jpg,0.01,0.27,0.5,0.07,0.01,0.01,0.01,0.02,0.02,0.06,0.01,0.01,0.0,0.0,0.0
IRHT_P_006607.tif,0.0,0.0,1.0,0.0,0.0,0.0,0.0,0.0,0.0,0.0,0.0,0.0,0.0,0.0,0.0
btv1b8423829s_f129.jpg,0.98,0.0,0.02,0.0,0.0,0.0,0.0,0.0,0.0,0.0,0.0,0.0,0.0,0.0,0.0
IRHT_P_009102.tif,0.0,0.0,0.01,0.0,0.4,0.19,0.03,0.12,0.06,0.17,0.01,0.01,0.0,0.0,0.0
141185204_Coll_Mancel_MS0308_0068.jpg,0.0,0.01,0.07,0.0,0.43,0.03,0.01,0.25,0.01,0.05,0.11,0.03,0.0,0.0,0.0
IRHT_P_007833.tif,0.0,0.09,0.9,0.01,0.0,0.0,0.0,0.0,0.0,0.0,0.0,0.0,0.0,0.0,0.0
btv1b90783564_f49.jpg,0.01,0.01,0.02,0.0,0.0,0.0,0.0,0.0,0.03,0.54,0.29,0.03,0.01,0.05,0.01
IRHT_161228_2.jpg,0.0,0.08,0.9,0.0,0.0,0.0,0.0,0.0,0.0,0.02,0.0,0.0,0.0,0.0,0.0
315556101_MS0894_0104.jpg,0.03,0.01,0.02,0.0,0.0,0.01,0.03,0.14,0.09,0.61,0.03,0.01,0.0,0.01,0.0
btv1b90780867_f18.jpg,0.0,0.0,0.28,0.07,0.3,0.06,0.07,0.01,0.02,0.09,0.05,0.01,0.01,0.01,0.01
btv1b8452543j_f13.jpg,0.93,0.02,0.02,0.0,0.0,0.01,0.0,0.0,0.0,0.01,0.0,0.0,0.0,0.0,0.0
IRHT_15954_2.jpg,0.0,0.01,0.01,0.0,0.0,0.0,0.23,0.03,0.26,0.44,0.01,0.0,0.0,0.0,0.0
btv1b9067906q_f6.jpg,0.08,0.23,0.07,0.01,0.01,0.01,0.01,0.01,0.1,0.1,0.25,0.04,0.02,0.02,0.05
CMDF_1_76b.jpg,0.0,0.0,0.0,0.0,0.02,0.02,0.18,0.09,0.01,0.63,0.01,0.01,0.0,0.01,0.0
B514546101_MS0283_00103.jpg,0.0,0.0,0.0,0.0,0.01,0.38,0.03,0.0,0.01,0.01,0.39,0.05,0.12,0.0,0.01
M601415401_MS0121_0244.jpg,0.01,0.0,0.5,0.05,0.0,0.01,0.02,0.02,0.08,0.2,0.07,0.01,0.0,0.0,0.01
CMDF_1_121b.jpg,0.02,0.01,0.0,0.0,0.0,0.0,0.0,0.0,0.0,0.94,0.01,0.0,0.0,0.01,0.0
IRHT_163909_2.jpg,0.0,0.0,0.0,0.0,0.25,0.74,0.0,0.0,0.0,0.0,0.0,0.0,0.0,0.0,0.0
710146101_S_019_019bis_0178.jpg,0.45,0.01,0.12,0.01,0.01,0.05,0.07,0.02,0.02,0.11,0.04,0.03,0.01,0.04,0.01
CMDF_1_97b.jpg,0.0,0.0,0.0,0.05,0.0,0.2,0.02,0.03,0.0,0.68,0.01,0.0,0.0,0.0,0.0
IRHT_039126_2.jpg,0.01,0.29,0.2,0.15,0.04,0.01,0.0,0.0,0.01,0.05,0.24,0.0,0.0,0.0,0.0
CMDF_1_155b.jpg,0.04,0.01,0.02,0.01,0.02,0.01,0.06,0.01,0.01,0.75,0.02,0.01,0.0,0.02,0.0
btv1b9078109s_f48.jpg,0.0,0.0,0.06,0.03,0.42,0.38,0.01,0.0,0.01,0.04,0.03,0.0,0.0,0.0,0.0
btv1b90672299_f61.jpg,0.01,0.0,0.0,0.0,0.0,0.18,0.54,0.03,0.14,0.08,0.0,0.0,0.0,0.0,0.0
btv1b550093038_f76.jpg,0.01,0.0,0.03,0.02,0.04,0.04,0.04,0.06,0.03,0.31,0.2,0.19,0.02,0.01,0.01
IRHT_163071_2.jpg,0.01,0.01,0.9,0.01,0.0,0.02,0.0,0.01,0.01,0.03,0.0,0.0,0.0,0.0,0.0
IRHT_P_006408.tif,0.0,0.0,0.0,0.0,0.0,0.19,0.02,0.04,0.09,0.53,0.09,0.03,0.0,0.0,0.0
B081056201_MS0114_00031.jpg,0.02,0.47,0.5,0.0,0.0,0.0,0.0,0.0,0.0,0.0,0.0,0.0,0.0,0.0,0.0
btv1b90809011_f40.jpg,0.0,0.0,0.05,0.79,0.04,0.01,0.01,0.01,0.02,0.05,0.02,0.0,0.0,0.0,0.0
141186101_MS0038_377_in_fol_015_0191.jpg,0.0,0.0,0.0,0.0,0.0,0.0,0.01,0.0,0.06,0.38,0.51,0.01,0.01,0.0,0.02
B514546101_MS0225_00125.jpg,0.0,0.0,0.99,0.01,0.0,0.0,0.0,0.0,0.0,0.0,0.0,0.0,0.0,0.0,0.0
IRHT_P_008056.tif,0.0,0.26,0.6,0.11,0.0,0.0,0.0,0.0,0.0,0.03,0.0,0.0,0.0,0.0,0.0
M601415401_MS0476_0009.jpg,0.0,0.0,0.03,0.0,0.62,0.08,0.04,0.04,0.04,0.06,0.09,0.0,0.0,0.0,0.0
B514546101_MS0460_00043_C.jpg,0.0,0.0,0.02,0.01,0.34,0.04,0.0,0.0,0.0,0.08,0.4,0.1,0.0,0.0,0.01
710146101_S_019_019bis_0068.jpg,0.89,0.01,0.01,0.0,0.0,0.0,0.01,0.01,0.02,0.04,0.02,0.0,0.0,0.0,0.0
btv1b9080810n_f448.jpg,0.01,0.0,0.02,0.0,0.0,0.0,0.01,0.0,0.06,0.04,0.44,0.35,0.03,0.02,0.01
btv1b9076802p_f39.jpg,0.13,0.05,0.41,0.11,0.21,0.07,0.01,0.0,0.0,0.01,0.0,0.0,0.0,0.0,0.0
IRHT_P_002081.tif,0.0,0.0,0.01,0.0,0.02,0.15,0.19,0.01,0.02,0.05,0.3,0.06,0.18,0.01,0.0
B514546101_MS0897_00038_C.jpg,0.0,0.0,0.0,0.0,0.0,0.02,0.09,0.04,0.03,0.73,0.06,0.0,0.0,0.0,0.0
IRHT_161653_2.jpg,0.01,0.02,0.07,0.0,0.02,0.03,0.03,0.38,0.12,0.23,0.05,0.0,0.0,0.03,0.0
IRHT_P_007184.tif,0.0,0.0,0.0,0.0,0.0,0.0,0.03,0.4,0.17,0.26,0.14,0.0,0.0,0.0,0.0
btv1b9067262x_f19.jpg,0.02,0.01,0.06,0.01,0.02,0.3,0.06,0.02,0.05,0.11,0.29,0.0,0.05,0.01,0.01
141186101_MS0027_366_in_fol_014_0008.jpg,0.0,0.0,0.0,0.0,0.01,0.0,0.01,0.0,0.03,0.63,0.31,0.0,0.01,0.0,0.0
M601415401_MS0016_0050.jpg,0.02,0.01,0.93,0.0,0.0,0.0,0.0,0.0,0.01,0.02,0.01,0.0,0.0,0.0,0.0
IRHT_P_007845.tif,0.39,0.3,0.31,0.0,0.0,0.0,0.0,0.0,0.0,0.0,0.0,0.0,0.0,0.0,0.0
IRHT_P_002356.tif,0.0,0.0,0.0,0.0,0.01,0.08,0.33,0.06,0.02,0.11,0.25,0.06,0.06,0.01,0.0
btv1b6001165p_f21.jpg,0.18,0.08,0.47,0.0,0.0,0.05,0.02,0.01,0.02,0.07,0.04,0.02,0.01,0.01,0.01
IRHT_129986_2.jpg,0.98,0.01,0.0,0.0,0.0,0.0,0.0,0.0,0.0,0.01,0.0,0.0,0.0,0.0,0.0
141186101_MS0027_366_in_fol_014_0068.jpg,0.0,0.0,0.0,0.0,0.0,0.0,0.02,0.0,0.01,0.58,0.36,0.0,0.03,0.0,0.0
IRHT_15610_2.jpg,0.0,0.0,0.01,0.0,0.01,0.01,0.14,0.46,0.16,0.15,0.01,0.03,0.0,0.0,0.0
M601415401_MS0764_0012.jpg,0.03,0.0,0.05,0.0,0.01,0.02,0.04,0.02,0.02,0.14,0.1,0.2,0.36,0.01,0.02
IRHT_P_001718.tif,0.0,0.0,0.01,0.02,0.05,0.1,0.06,0.01,0.12,0.33,0.22,0.04,0.02,0.02,0.0
B301896101_MS014_00122_C.jpg,0.02,0.01,0.37,0.01,0.03,0.06,0.05,0.06,0.02,0.13,0.13,0.05,0.04,0.01,0.02
IRHT_P_002364.tif,0.0,0.0,0.01,0.11,0.5,0.13,0.04,0.0,0.03,0.07,0.1,0.01,0.01,0.0,0.0
IRHT_P_007997.tif,0.0,0.0,0.96,0.03,0.0,0.0,0.0,0.0,0.0,0.0,0.0,0.0,0.0,0.0,0.0
IRHT_14707_2.jpg,0.0,0.01,0.05,0.01,0.86,0.06,0.0,0.0,0.0,0.01,0.0,0.0,0.0,0.0,0.0
IRHT_160927_2.jpg,0.0,0.0,0.28,0.58,0.02,0.0,0.01,0.0,0.01,0.03,0.02,0.02,0.0,0.0,0.0
btv1b9078168n_f58.jpg,0.98,0.02,0.0,0.0,0.0,0.0,0.0,0.0,0.0,0.0,0.0,0.0,0.0,0.0,0.0
M601415401_MS0738_0169.jpg,0.0,0.01,0.04,0.03,0.11,0.05,0.22,0.08,0.31,0.09,0.01,0.04,0.01,0.01,0.0
M601415401_MS0009_0210.jpg,0.01,0.01,0.09,0.38,0.18,0.03,0.01,0.0,0.07,0.08,0.08,0.02,0.03,0.0,0.01
M601415401_MS0040_0031.jpg,0.77,0.01,0.05,0.0,0.0,0.02,0.03,0.0,0.01,0.05,0.05,0.0,0.01,0.0,0.0
btv1b8457361b_f378.jpg,0.91,0.0,0.01,0.0,0.0,0.03,0.01,0.0,0.0,0.02,0.02,0.0,0.01,0.0,0.0
B103876101_MS0497_00066_C.JPG,0.0,0.0,0.0,0.44,0.48,0.0,0.0,0.0,0.0,0.0,0.06,0.0,0.0,0.0,0.02
B490076101_MS0283_0011.jpg,0.18,0.65,0.13,0.02,0.0,0.0,0.0,0.0,0.0,0.0,0.0,0.0,0.0,0.0,0.01
btv1b6000466t_f47.jpg,0.0,0.0,0.01,0.01,0.02,0.16,0.1,0.13,0.03,0.48,0.01,0.02,0.0,0.01,0.02
IRHT_092770_2.jpg,0.0,0.03,0.95,0.01,0.0,0.0,0.0,0.0,0.0,0.0,0.0,0.0,0.0,0.0,0.0
btv1b9076774t_f18.jpg,0.0,0.0,0.01,0.15,0.35,0.2,0.08,0.02,0.04,0.06,0.07,0.01,0.01,0.0,0.0
IRHT_P_007834.tif,0.02,0.78,0.15,0.01,0.0,0.0,0.0,0.0,0.01,0.02,0.01,0.0,0.0,0.0,0.0
btv1b9068414v_f35.jpg,0.08,0.03,0.14,0.02,0.15,0.25,0.1,0.01,0.02,0.11,0.01,0.0,0.05,0.0,0.04
IRHT_P_007942.tif,0.0,0.0,0.02,0.0,0.03,0.04,0.2,0.01,0.2,0.32,0.05,0.09,0.02,0.01,0.0
btv1b55009807z_f26.jpg,0.0,0.0,0.0,0.0,0.01,0.01,0.04,0.03,0.08,0.17,0.61,0.02,0.01,0.0,0.01
btv1b9067004s_f67.jpg,0.0,0.0,0.01,0.01,0.02,0.06,0.24,0.08,0.09,0.14,0.22,0.07,0.02,0.02,0.01
IRHT_P_007173.tif,0.0,0.0,0.0,0.0,0.01,0.06,0.5,0.24,0.12,0.06,0.01,0.0,0.0,0.0,0.0
710766101_MS0014_0015.jpg,0.0,0.0,1.0,0.0,0.0,0.0,0.0,0.0,0.0,0.0,0.0,0.0,0.0,0.0,0.0
IRHT_P_006288.tif,0.0,0.0,0.0,0.0,0.0,0.07,0.07,0.27,0.12,0.29,0.11,0.03,0.01,0.01,0.01
IRHT_P_006066.tif,0.2,0.52,0.21,0.0,0.01,0.0,0.0,0.01,0.0,0.04,0.0,0.0,0.0,0.0,0.0
IRHT_P_007981.tif,0.02,0.46,0.44,0.06,0.01,0.0,0.0,0.0,0.0,0.0,0.0,0.0,0.0,0.0,0.0
IRHT_P_007906.tif,0.07,0.32,0.33,0.16,0.0,0.0,0.0,0.0,0.03,0.06,0.02,0.0,0.0,0.0,0.0
IRHT_152798_2.jpg,0.22,0.34,0.13,0.01,0.02,0.04,0.01,0.02,0.03,0.14,0.01,0.01,0.0,0.02,0.01
IRHT_P_006559.tif,0.0,0.0,0.0,0.0,0.0,0.68,0.25,0.04,0.0,0.02,0.0,0.0,0.0,0.0,0.0
IRHT_032813_2.jpg,0.01,0.0,0.02,0.02,0.18,0.02,0.07,0.03,0.02,0.33,0.17,0.02,0.0,0.0,0.11
IRHT_105527_2.jpg,0.0,0.3,0.23,0.01,0.29,0.02,0.0,0.01,0.0,0.04,0.04,0.06,0.0,0.0,0.0
IRHT_068387_2.jpg,0.09,0.51,0.3,0.01,0.0,0.0,0.0,0.0,0.0,0.08,0.0,0.0,0.0,0.0,0.0
btv1b9067147w_f5.jpg,0.01,0.0,0.1,0.02,0.19,0.58,0.07,0.01,0.0,0.01,0.0,0.0,0.0,0.0,0.0
CMDF_1_146b.jpg,0.22,0.0,0.05,0.0,0.0,0.01,0.02,0.01,0.02,0.18,0.37,0.02,0.07,0.02,0.01
IRHT_157877_2.jpg,0.0,0.0,0.0,0.0,0.0,0.0,0.01,0.05,0.18,0.72,0.03,0.0,0.0,0.0,0.0
B103876101_MS1327_00046_C.JPG,0.0,0.0,0.28,0.52,0.05,0.01,0.0,0.0,0.01,0.03,0.06,0.02,0.01,0.0,0.0
IRHT_P_002399.tif,0.0,0.0,0.0,0.0,0.01,0.06,0.15,0.02,0.24,0.43,0.07,0.01,0.0,0.0,0.0
500256201_MS0035_0077.jpg,0.09,0.72,0.05,0.0,0.0,0.0,0.0,0.01,0.03,0.06,0.01,0.02,0.01,0.01,0.0
500256201_MS0236_0075.jpg,0.71,0.14,0.04,0.0,0.0,0.0,0.0,0.0,0.02,0.04,0.03,0.0,0.01,0.0,0.01
btv1b7100018t_f803.jpg,0.01,0.0,0.03,0.01,0.01,0.05,0.11,0.01,0.13,0.35,0.21,0.02,0.03,0.01,0.02
IRHT_16160_2.jpg,0.0,0.0,0.0,0.0,0.0,0.0,0.01,0.01,0.19,0.7,0.09,0.0,0.0,0.0,0.0
CMDF_1_20b.jpg,0.01,0.0,0.03,0.11,0.41,0.2,0.02,0.01,0.0,0.19,0.01,0.0,0.0,0.0,0.0
CMDF_1_107b.jpg,0.01,0.0,0.0,0.0,0.0,0.0,0.0,0.0,0.0,0.97,0.01,0.0,0.0,0.0,0.0
B141185106_MS0446_0019.jpg,0.02,0.01,0.04,0.01,0.0,0.02,0.03,0.05,0.07,0.49,0.19,0.05,0.0,0.01,0.0
IRHT_P_006510.tif,0.31,0.59,0.09,0.0,0.0,0.01,0.0,0.0,0.0,0.0,0.0,0.0,0.0,0.0,0.0
IRHT_P_008047.tif,0.03,0.0,0.03,0.01,0.12,0.19,0.21,0.01,0.04,0.16,0.12,0.04,0.02,0.01,0.01
IRHT_042039_2.jpg,0.0,0.0,0.0,0.0,0.0,0.0,0.02,0.03,0.05,0.89,0.01,0.0,0.0,0.0,0.0
B081056201_MS0172_00139.jpg,0.0,0.0,0.96,0.01,0.0,0.01,0.0,0.0,0.0,0.01,0.01,0.0,0.01,0.0,0.0
IRHT_P_007289.tif,0.0,0.0,0.0,0.0,0.01,0.54,0.29,0.05,0.01,0.04,0.05,0.0,0.0,0.0,0.0
IRHT_157830_2.jpg,0.0,0.0,0.37,0.61,0.0,0.0,0.0,0.0,0.0,0.01,0.0,0.0,0.0,0.0,0.0
B514546101_MS0226_00025_C.jpg,0.0,0.0,0.99,0.01,0.0,0.0,0.0,0.0,0.0,0.0,0.0,0.0,0.0,0.0,0.0
CMDF_1_111a.jpg,0.0,0.0,0.0,0.0,0.0,0.0,0.01,0.0,0.0,0.96,0.01,0.0,0.0,0.01,0.0
B103876101_MS2030_00376_C.JPG,0.0,0.0,0.08,0.31,0.6,0.0,0.0,0.0,0.0,0.0,0.0,0.0,0.0,0.0,0.0
IRHT_163957_2.jpg,0.01,0.0,0.06,0.04,0.77,0.03,0.04,0.0,0.0,0.03,0.0,0.0,0.0,0.0,0.0
IRHT_P_009040.tif,0.0,0.0,0.0,0.0,0.0,0.0,0.0,0.0,0.0,0.05,0.02,0.02,0.06,0.64,0.21
IRHT_P_007721.tif,0.35,0.26,0.31,0.0,0.0,0.0,0.0,0.0,0.0,0.04,0.01,0.01,0.01,0.0,0.0
btv1b90784196_f36.jpg,0.0,0.01,0.09,0.59,0.2,0.01,0.01,0.0,0.01,0.03,0.03,0.0,0.0,0.0,0.0
B081056201_MS0094_00257.jpg,0.01,0.03,0.02,0.06,0.54,0.28,0.01,0.0,0.0,0.05,0.01,0.0,0.0,0.0,0.0
btv1b90764667_f33.jpg,0.01,0.01,0.01,0.01,0.12,0.09,0.12,0.12,0.02,0.28,0.16,0.02,0.01,0.01,0.0
IRHT_P_002363.tif,0.0,0.0,0.01,0.47,0.21,0.04,0.01,0.0,0.04,0.06,0.12,0.02,0.02,0.0,0.0
btv1b9080826h_f46.jpg,0.0,0.0,0.88,0.12,0.0,0.0,0.0,0.0,0.0,0.0,0.0,0.0,0.0,0.0,0.0
341722104_H_084_0028.jpg,0.29,0.04,0.02,0.02,0.01,0.01,0.02,0.0,0.0,0.39,0.2,0.0,0.0,0.0,0.0
btv1b9066828n_f51.jpg,0.0,0.0,0.02,0.4,0.07,0.46,0.0,0.0,0.0,0.01,0.02,0.0,0.0,0.0,0.0
B212316101_MS0203_0211.jpg,0.0,0.0,0.0,0.0,0.04,0.56,0.03,0.03,0.03,0.25,0.04,0.01,0.0,0.0,0.0
B081056201_MS0172_00026.jpg,0.0,0.01,0.96,0.02,0.0,0.01,0.0,0.0,0.01,0.0,0.0,0.0,0.0,0.0,0.0
IRHT_099709_2.jpg,0.0,0.32,0.47,0.12,0.02,0.01,0.0,0.01,0.01,0.04,0.01,0.0,0.0,0.0,0.0
M601415401_MS0739_0158.jpg,0.06,0.35,0.22,0.01,0.0,0.17,0.02,0.13,0.02,0.01,0.0,0.0,0.0,0.0,0.0
500256201_MS0035_0024.jpg,0.05,0.85,0.09,0.0,0.0,0.0,0.0,0.0,0.0,0.0,0.0,0.0,0.0,0.0,0.0
btv1b9077773q_f45.jpg,0.0,0.0,0.02,0.05,0.32,0.37,0.01,0.0,0.06,0.03,0.12,0.01,0.0,0.0,0.01
IRHT_P_001021.tif,0.0,0.0,0.0,0.0,0.0,0.02,0.02,0.14,0.25,0.54,0.01,0.01,0.0,0.0,0.0
IRHT_P_002475.tif,0.0,0.01,0.24,0.46,0.17,0.03,0.01,0.01,0.01,0.02,0.02,0.01,0.0,0.0,0.0
IRHT_P_007946.tif,0.01,0.27,0.61,0.0,0.0,0.0,0.0,0.0,0.0,0.04,0.0,0.0,0.01,0.02,0.02
330636101_MS0303_0055.jpg,0.0,0.0,0.0,0.0,0.04,0.4,0.07,0.02,0.03,0.39,0.06,0.0,0.0,0.0,0.0
btv1b90684017_f20.jpg,0.0,0.0,0.31,0.64,0.0,0.0,0.0,0.0,0.0,0.01,0.01,0.01,0.0,0.0,0.0
B301896101_MS001_00194_C.jpg,0.01,0.0,0.01,0.01,0.02,0.39,0.28,0.05,0.01,0.1,0.03,0.01,0.05,0.01,0.01
flickr_com_photos_bmmetz_12499223615_sizes_o.jpg,0.99,0.01,0.0,0.0,0.0,0.0,0.0,0.0,0.0,0.0,0.0,0.0,0.0,0.0,0.0
IRHT_158286_2.jpg,0.0,0.0,0.96,0.04,0.0,0.0,0.0,0.0,0.0,0.0,0.0,0.0,0.0,0.0,0.0
CMDF_1_166b.jpg,0.04,0.04,0.09,0.0,0.01,0.02,0.08,0.05,0.12,0.25,0.05,0.05,0.01,0.16,0.04
IRHT_P_007938.tif,0.0,0.0,0.0,0.0,0.0,0.0,0.0,0.01,0.1,0.72,0.16,0.01,0.0,0.0,0.0
btv1b85511329_f255.jpg,0.09,0.06,0.84,0.0,0.0,0.0,0.0,0.0,0.0,0.01,0.0,0.0,0.0,0.0,0.0
M441095203_MS0009_0022.jpg,0.0,0.0,0.02,0.0,0.01,0.02,0.07,0.23,0.07,0.25,0.24,0.03,0.01,0.02,0.02
IRHT_P_006930.tif,0.01,0.6,0.38,0.0,0.0,0.01,0.0,0.0,0.0,0.0,0.0,0.0,0.0,0.0,0.0
B514546101_MS0755_00161.jpg,0.0,0.0,0.0,0.76,0.05,0.04,0.01,0.0,0.0,0.04,0.09,0.0,0.0,0.0,0.0
710146101_S_002_003_0111.jpg,0.96,0.0,0.02,0.0,0.0,0.0,0.0,0.0,0.0,0.0,0.0,0.0,0.0,0.0,0.0
CMDF_1_33a.jpg,0.0,0.0,0.02,0.0,0.02,0.08,0.09,0.02,0.02,0.62,0.06,0.03,0.01,0.01,0.01
M601415401_MS0734_0007.jpg,0.05,0.01,0.14,0.02,0.08,0.1,0.17,0.02,0.04,0.14,0.14,0.04,0.02,0.01,0.01
CMDF_1_29a.jpg,0.02,0.0,0.0,0.01,0.01,0.01,0.02,0.01,0.0,0.91,0.01,0.0,0.0,0.0,0.0
CMDF_1_121a.jpg,0.0,0.0,0.0,0.0,0.0,0.0,0.0,0.0,0.0,1.0,0.0,0.0,0.0,0.0,0.0
M601415401_MS0739_0077.jpg,0.13,0.08,0.36,0.0,0.01,0.01,0.05,0.01,0.1,0.06,0.14,0.05,0.0,0.0,0.0
763516101_MS0332_0140.jpg,0.02,0.03,0.84,0.0,0.0,0.01,0.05,0.02,0.0,0.01,0.0,0.01,0.0,0.0,0.0
IRHT_P_009101.tif,0.0,0.0,0.0,0.0,0.24,0.31,0.01,0.02,0.2,0.21,0.01,0.0,0.0,0.0,0.0
IRHT_081871_2.jpg,0.43,0.38,0.1,0.0,0.0,0.01,0.0,0.01,0.02,0.03,0.0,0.0,0.0,0.0,0.01
M601415401_MS0734_0108.jpg,0.0,0.0,0.0,0.01,0.15,0.49,0.29,0.01,0.01,0.01,0.01,0.0,0.0,0.0,0.0
IRHT_P_001081.tif,0.0,0.0,0.16,0.11,0.1,0.25,0.02,0.05,0.02,0.19,0.02,0.06,0.0,0.01,0.0
btv1b8451634m_f22.jpg,0.0,0.0,0.0,0.01,0.06,0.32,0.11,0.42,0.01,0.02,0.04,0.0,0.0,0.0,0.0
btv1b9076998x_f68.jpg,0.0,0.0,0.02,0.07,0.16,0.22,0.11,0.1,0.06,0.12,0.09,0.02,0.01,0.0,0.02
btv1b8458136w_f419.jpg,0.0,0.0,0.03,0.01,0.02,0.08,0.66,0.04,0.01,0.08,0.04,0.01,0.01,0.0,0.01
btv1b10510445r_f162.jpg,0.9,0.01,0.02,0.0,0.0,0.01,0.0,0.0,0.01,0.02,0.01,0.01,0.02,0.0,0.0
btv1b8427438m_f320.jpg,0.11,0.06,0.83,0.0,0.0,0.0,0.0,0.0,0.0,0.0,0.0,0.0,0.0,0.0,0.0
B514546101_MS0172_00048_C.jpg,0.0,0.0,0.0,0.0,0.31,0.03,0.0,0.0,0.0,0.45,0.2,0.0,0.0,0.0,0.0
btv1b9072655w_f43.jpg,0.0,0.0,0.01,0.11,0.25,0.43,0.18,0.01,0.0,0.0,0.0,0.01,0.0,0.0,0.0
btv1b9078295w_f76.jpg,0.02,0.0,0.03,0.01,0.44,0.3,0.12,0.03,0.01,0.02,0.01,0.0,0.0,0.0,0.0
CMDF_1_184a.jpg,0.0,0.0,0.0,0.01,0.01,0.0,0.02,0.0,0.0,0.95,0.0,0.0,0.0,0.0,0.0
btv1b90672744_f47.jpg,0.0,0.0,0.12,0.01,0.26,0.49,0.04,0.01,0.01,0.03,0.03,0.0,0.0,0.0,0.0
btv1b60005168_f62.jpg,0.02,0.0,0.04,0.01,0.07,0.02,0.05,0.06,0.01,0.17,0.47,0.02,0.0,0.05,0.0
btv1b9078172j_f47.jpg,1.0,0.0,0.0,0.0,0.0,0.0,0.0,0.0,0.0,0.0,0.0,0.0,0.0,0.0,0.0
btv1b54002414v_f111.jpg,0.0,0.0,0.0,0.01,0.0,0.01,0.07,0.0,0.03,0.19,0.54,0.12,0.02,0.0,0.01
M601415401_MS0599_0007.jpg,0.03,0.02,0.06,0.02,0.06,0.33,0.13,0.06,0.02,0.13,0.07,0.02,0.02,0.01,0.01
IRHT_P_000917.tif,0.0,0.0,0.02,0.01,0.85,0.0,0.01,0.0,0.01,0.03,0.05,0.0,0.0,0.0,0.0
btv1b84469390_f63.jpg,0.0,0.0,0.01,0.0,0.21,0.3,0.16,0.13,0.04,0.02,0.13,0.0,0.0,0.0,0.0
B103876101_MS2403_0126.jpg,0.0,0.0,0.01,0.07,0.74,0.03,0.01,0.0,0.02,0.05,0.04,0.01,0.01,0.0,0.0
IRHT_P_007131.tif,0.0,0.0,0.0,0.0,0.01,0.71,0.16,0.01,0.0,0.11,0.0,0.01,0.0,0.0,0.0
IRHT_P_007898.tif,0.0,0.03,0.97,0.0,0.0,0.0,0.0,0.0,0.0,0.0,0.0,0.0,0.0,0.0,0.0
2745_011.jpg,0.0,0.0,0.01,0.0,0.02,0.55,0.0,0.0,0.14,0.24,0.03,0.0,0.0,0.0,0.0
IRHT_P_006389.tif,0.0,0.0,0.0,0.0,0.0,0.01,0.0,0.0,0.01,0.93,0.04,0.0,0.0,0.0,0.0
IRHT_025658_2.jpg,0.0,0.0,0.0,0.0,0.76,0.01,0.09,0.05,0.02,0.01,0.04,0.01,0.0,0.0,0.0
CMDF_1_85a.jpg,0.0,0.0,0.0,0.0,0.0,0.0,0.0,0.0,0.0,0.98,0.01,0.0,0.0,0.0,0.0
IRHT_129942_2.jpg,1.0,0.0,0.0,0.0,0.0,0.0,0.0,0.0,0.0,0.0,0.0,0.0,0.0,0.0,0.0
B081056201_MS0026T2_00045.jpg,0.0,0.0,0.99,0.0,0.0,0.0,0.0,0.0,0.0,0.0,0.0,0.0,0.0,0.0,0.0
btv1b55010551d_f425.jpg,0.0,0.0,0.0,0.0,0.03,0.63,0.15,0.17,0.0,0.01,0.01,0.0,0.0,0.0,0.0
CMDF_1_61b.jpg,0.01,0.0,0.12,0.0,0.01,0.01,0.01,0.01,0.01,0.78,0.01,0.0,0.0,0.0,0.02
IRHT_161950_2.jpg,0.0,0.0,0.0,0.0,0.0,0.0,0.02,0.11,0.16,0.43,0.25,0.02,0.0,0.01,0.0
330636101_MS0303_0156.jpg,0.0,0.0,0.01,0.01,0.03,0.39,0.19,0.03,0.08,0.11,0.11,0.01,0.01,0.0,0.01
IRHT_P_007418.tif,0.0,0.0,0.0,0.0,0.0,0.0,0.01,0.0,0.09,0.62,0.28,0.0,0.0,0.0,0.0
CMDF_1_140b.jpg,0.0,0.0,0.01,0.0,0.0,0.0,0.05,0.05,0.08,0.64,0.12,0.01,0.03,0.0,0.0
IRHT_P_007847.tif,0.0,0.0,0.98,0.01,0.0,0.0,0.0,0.0,0.0,0.0,0.0,0.0,0.0,0.0,0.0
btv1b9076999b_f82.jpg,0.0,0.0,0.03,0.06,0.24,0.23,0.13,0.05,0.03,0.11,0.07,0.03,0.01,0.0,0.01
IRHT_P_006284.tif,0.02,0.01,0.18,0.47,0.01,0.05,0.05,0.01,0.01,0.1,0.04,0.01,0.01,0.01,0.01
IRHT_105682_2.jpg,0.0,0.3,0.67,0.02,0.0,0.01,0.0,0.0,0.0,0.0,0.0,0.0,0.0,0.0,0.0
CMDF_1_28a.jpg,0.02,0.0,0.05,0.0,0.03,0.24,0.52,0.01,0.01,0.07,0.03,0.0,0.02,0.0,0.0
IRHT_P_007913.tif,0.0,0.0,1.0,0.0,0.0,0.0,0.0,0.0,0.0,0.0,0.0,0.0,0.0,0.0,0.0
IRHT_P_007396.tif,0.0,0.0,0.0,0.0,0.0,0.0,0.08,0.06,0.28,0.48,0.08,0.01,0.0,0.0,0.0
B514546101_MS0303_00226.jpg,0.0,0.01,0.29,0.46,0.22,0.0,0.0,0.0,0.0,0.01,0.0,0.0,0.0,0.0,0.0
btv1b8452765t_f47.jpg,0.81,0.01,0.03,0.0,0.0,0.0,0.01,0.01,0.02,0.05,0.04,0.01,0.0,0.0,0.0
CMDF_1_98b.jpg,0.0,0.0,0.0,0.0,0.01,0.29,0.33,0.08,0.05,0.24,0.0,0.01,0.0,0.0,0.0
IRHT_P_007980.tif,0.0,0.01,0.02,0.0,0.03,0.08,0.38,0.17,0.04,0.08,0.04,0.08,0.03,0.02,0.02
CMDF_1_89a.jpg,0.0,0.0,0.0,0.0,0.0,0.12,0.06,0.1,0.1,0.61,0.01,0.0,0.0,0.0,0.0
IRHT_P_006978.tif,0.0,0.0,0.0,0.0,0.11,0.45,0.33,0.07,0.0,0.02,0.01,0.0,0.0,0.0,0.0
btv1b9077010s_f21.jpg,0.0,0.0,0.0,0.0,0.58,0.21,0.13,0.02,0.01,0.03,0.0,0.0,0.0,0.0,0.0
IRHT_P_008049.tif,0.0,0.0,0.0,0.0,0.41,0.05,0.11,0.25,0.11,0.01,0.03,0.03,0.0,0.0,0.0
IRHT_093039_2.jpg,0.0,0.0,0.0,0.0,0.01,0.01,0.75,0.19,0.01,0.03,0.0,0.0,0.0,0.0,0.0
M601415401_MS0121_0124.jpg,0.0,0.0,1.0,0.0,0.0,0.0,0.0,0.0,0.0,0.0,0.0,0.0,0.0,0.0,0.0
IRHT_P_006315.tif,0.0,0.0,0.02,0.3,0.65,0.03,0.0,0.0,0.0,0.0,0.0,0.0,0.0,0.0,0.0
IRHT_099163_2.jpg,0.26,0.56,0.01,0.0,0.0,0.0,0.0,0.0,0.0,0.17,0.0,0.0,0.0,0.0,0.0
btv1b90781143_f6.jpg,0.0,0.0,0.02,0.01,0.58,0.23,0.02,0.0,0.02,0.04,0.05,0.01,0.01,0.0,0.01
B514546101_MS0673_00174.jpg,0.0,0.36,0.24,0.04,0.08,0.0,0.0,0.0,0.0,0.02,0.23,0.01,0.0,0.0,0.01
IRHT_152680_2.jpg,0.02,0.02,0.78,0.0,0.0,0.0,0.01,0.0,0.06,0.03,0.07,0.0,0.0,0.0,0.0
btv1b9067271w_f46.jpg,0.0,0.0,0.01,0.08,0.7,0.21,0.0,0.0,0.0,0.0,0.0,0.0,0.0,0.0,0.0
500256201_MS0214_0020.jpg,0.0,0.0,0.02,0.0,0.81,0.01,0.02,0.02,0.01,0.05,0.04,0.02,0.0,0.0,0.0
591226101_MS0038_0064.jpg,0.0,0.0,0.03,0.29,0.28,0.23,0.01,0.02,0.01,0.05,0.07,0.01,0.0,0.0,0.0
141186101_MS0038_377_in_fol_015_0006.jpg,0.0,0.0,0.01,0.0,0.01,0.01,0.02,0.01,0.25,0.15,0.32,0.02,0.02,0.0,0.17
IRHT_P_006606.tif,0.02,0.0,0.94,0.02,0.0,0.0,0.0,0.0,0.01,0.0,0.0,0.0,0.0,0.0,0.0
CMDF_1_129a.jpg,0.01,0.02,0.03,0.0,0.0,0.06,0.01,0.01,0.24,0.29,0.29,0.0,0.0,0.02,0.01
B140475201_MS0036_0044.jpg,0.09,0.0,0.01,0.0,0.0,0.0,0.02,0.03,0.2,0.6,0.03,0.01,0.01,0.0,0.0
IRHT_P_007123.tif,0.0,0.0,0.0,0.0,0.0,0.0,0.15,0.5,0.03,0.18,0.13,0.0,0.0,0.0,0.0
CMDF_1_59b.jpg,0.0,0.0,0.01,0.0,0.0,0.0,0.0,0.19,0.01,0.77,0.01,0.0,0.0,0.0,0.0
btv1b9078172j_f53.jpg,1.0,0.0,0.0,0.0,0.0,0.0,0.0,0.0,0.0,0.0,0.0,0.0,0.0,0.0,0.0
IRHT_P_005042.tif,0.0,0.0,0.01,0.0,0.01,0.39,0.31,0.07,0.01,0.11,0.06,0.02,0.01,0.01,0.0
CMDF_1_116b.jpg,0.04,0.0,0.02,0.0,0.01,0.03,0.02,0.02,0.01,0.76,0.07,0.0,0.0,0.0,0.01
B081056201_MS0114_00091.jpg,0.0,0.0,0.94,0.04,0.01,0.0,0.0,0.0,0.0,0.0,0.0,0.0,0.0,0.0,0.0
M441095203_MS0001_0027.jpg,0.1,0.58,0.32,0.0,0.0,0.0,0.0,0.0,0.0,0.0,0.0,0.0,0.0,0.0,0.0
CMDF_1_87a.jpg,0.0,0.0,0.0,0.0,0.0,0.0,0.0,0.0,0.0,0.98,0.0,0.0,0.0,0.0,0.0
141186101_MS0029_368_in_fol_018_0052.jpg,0.0,0.02,0.0,0.0,0.01,0.0,0.01,0.0,0.17,0.66,0.12,0.0,0.01,0.0,0.0
IRHT_163082_2.jpg,0.0,0.01,0.46,0.28,0.19,0.01,0.01,0.01,0.0,0.02,0.0,0.0,0.0,0.0,0.0
IRHT_163296_2.jpg,0.05,0.65,0.15,0.0,0.0,0.01,0.01,0.0,0.01,0.07,0.01,0.01,0.0,0.01,0.01
IRHT_P_007005.tif,0.0,0.0,0.0,0.0,0.1,0.05,0.18,0.21,0.04,0.25,0.08,0.01,0.04,0.01,0.03
M601415401_MS0009_0055.jpg,0.01,0.0,0.08,0.6,0.03,0.03,0.02,0.01,0.04,0.06,0.05,0.01,0.04,0.0,0.01
btv1b9067834p_f72.jpg,0.0,0.0,0.06,0.27,0.44,0.07,0.01,0.01,0.03,0.05,0.03,0.02,0.0,0.0,0.0
500256201_MS0236_0031.jpg,0.8,0.06,0.06,0.0,0.0,0.01,0.0,0.0,0.01,0.02,0.02,0.0,0.01,0.0,0.0
B721816101_MS0023_0116.jpg,0.04,0.11,0.82,0.01,0.0,0.0,0.0,0.0,0.0,0.01,0.0,0.0,0.0,0.0,0.0
IRHT_P_006954.tif,0.0,0.0,0.0,0.0,0.0,0.0,0.0,0.01,0.05,0.22,0.67,0.02,0.01,0.01,0.0
btv1b55007803g_f243.jpg,0.0,0.0,0.0,0.0,0.0,0.01,0.02,0.03,0.1,0.14,0.66,0.01,0.01,0.0,0.0
IRHT_P_007276.tif,0.0,0.0,0.0,0.0,0.01,0.45,0.32,0.09,0.0,0.02,0.09,0.02,0.0,0.0,0.0
btv1b9066775z_f8.jpg,0.0,0.01,0.07,0.01,0.34,0.48,0.02,0.01,0.01,0.04,0.01,0.0,0.0,0.0,0.0
CMDF_1_103a.jpg,0.0,0.0,0.0,0.0,0.0,0.0,0.0,0.0,0.0,0.99,0.0,0.0,0.0,0.0,0.0
IRHT_P_007074.tif,0.0,0.0,0.03,0.0,0.01,0.01,0.01,0.0,0.02,0.47,0.34,0.07,0.02,0.01,0.01
M601415401_MS0121_0004.jpg,0.06,0.01,0.52,0.01,0.01,0.01,0.05,0.03,0.05,0.21,0.02,0.01,0.0,0.01,0.01
CMDF_1_85b.jpg,0.0,0.0,0.0,0.0,0.0,0.0,0.0,0.02,0.0,0.98,0.0,0.0,0.0,0.0,0.0
141185204_Coll_Mancel_MS0086_0038.jpg,0.0,0.0,0.05,0.12,0.07,0.56,0.0,0.01,0.03,0.02,0.13,0.01,0.0,0.0,0.0
IRHT_162201_2.jpg,0.0,0.0,0.0,0.01,0.01,0.04,0.01,0.02,0.09,0.71,0.1,0.0,0.0,0.0,0.0
IRHT_041638_2.jpg,0.0,0.0,0.09,0.18,0.7,0.02,0.0,0.0,0.0,0.0,0.0,0.0,0.0,0.0,0.0
IRHT_068346_2.jpg,0.0,0.0,0.0,0.0,0.01,0.01,0.02,0.01,0.08,0.27,0.56,0.03,0.01,0.0,0.0
141185204_Coll_Mancel_MS0067_0195.jpg,0.0,0.0,0.0,0.0,0.01,0.0,0.08,0.02,0.05,0.47,0.32,0.02,0.03,0.0,0.01
CMDF_1_18a.jpg,0.0,0.0,0.0,0.01,0.01,0.06,0.04,0.05,0.02,0.74,0.03,0.01,0.0,0.01,0.01
M601415401_MS0522_0009.jpg,0.0,0.0,0.08,0.01,0.02,0.03,0.03,0.01,0.07,0.07,0.23,0.26,0.14,0.05,0.01
M601415401_MS0121_0112.jpg,0.0,0.0,1.0,0.0,0.0,0.0,0.0,0.0,0.0,0.0,0.0,0.0,0.0,0.0,0.0
IRHT_P_007982.tif,0.0,0.0,0.91,0.03,0.05,0.0,0.0,0.0,0.0,0.0,0.0,0.0,0.0,0.0,0.0
btv1b9067906q_f12.jpg,0.18,0.79,0.02,0.0,0.0,0.0,0.0,0.0,0.0,0.0,0.0,0.0,0.0,0.0,0.0
btv1b10721242v_f66.jpg,0.01,0.0,0.04,0.04,0.32,0.39,0.06,0.01,0.02,0.06,0.03,0.01,0.01,0.0,0.01
M601415401_MS0774_0007.jpg,0.0,0.0,0.95,0.0,0.0,0.03,0.0,0.0,0.0,0.0,0.0,0.0,0.0,0.0,0.0
IRHT_178159_2.jpg,0.01,0.03,0.06,0.01,0.01,0.05,0.02,0.04,0.02,0.19,0.44,0.06,0.01,0.02,0.02
CMDF_1_147a.jpg,0.01,0.0,0.09,0.07,0.07,0.01,0.01,0.03,0.01,0.69,0.01,0.0,0.0,0.0,0.0
IRHT_P_007884.tif,0.01,0.1,0.89,0.0,0.0,0.0,0.0,0.0,0.0,0.0,0.0,0.0,0.0,0.0,0.0
IRHT_P_005992.tif,0.0,0.0,0.0,0.0,0.0,0.09,0.22,0.09,0.22,0.3,0.06,0.01,0.0,0.0,0.0
btv1b90777670_f37.jpg,0.0,0.0,0.04,0.01,0.09,0.52,0.17,0.01,0.0,0.11,0.02,0.0,0.01,0.0,0.0
IRHT_P_006925.tif,0.0,0.0,0.0,0.0,0.0,0.02,0.05,0.49,0.23,0.17,0.01,0.03,0.0,0.0,0.0
IRHT_P_006977.tif,0.0,0.0,0.02,0.01,0.07,0.18,0.16,0.03,0.18,0.14,0.14,0.01,0.04,0.02,0.01
btv1b9067739d_f22.jpg,0.01,0.01,0.06,0.18,0.42,0.13,0.03,0.01,0.01,0.04,0.06,0.03,0.01,0.01,0.01
btv1b6001165p_f35.jpg,0.22,0.1,0.43,0.01,0.0,0.04,0.03,0.01,0.02,0.08,0.02,0.02,0.01,0.01,0.01
IRHT_P_006761.tif,0.0,0.0,0.0,0.0,0.02,0.04,0.01,0.01,0.05,0.5,0.29,0.02,0.01,0.01,0.04
IRHT_P_006509.tif,0.06,0.91,0.02,0.0,0.0,0.0,0.0,0.0,0.01,0.0,0.0,0.0,0.0,0.0,0.0
btv1b9076744p_f22.jpg,0.0,0.0,0.02,0.01,0.47,0.25,0.04,0.01,0.03,0.07,0.07,0.01,0.02,0.0,0.01
btv1b8447295h_f67.jpg,0.0,0.0,0.0,0.0,0.01,0.65,0.18,0.07,0.01,0.02,0.05,0.0,0.0,0.0,0.01
CMDF_1_130b.jpg,0.01,0.0,0.02,0.0,0.0,0.01,0.02,0.01,0.01,0.89,0.03,0.0,0.0,0.0,0.0
btv1b84900669_f25.jpg,0.57,0.02,0.16,0.0,0.0,0.01,0.04,0.0,0.0,0.03,0.03,0.01,0.07,0.05,0.0
btv1b9076522d_f57.jpg,0.7,0.03,0.06,0.01,0.0,0.02,0.02,0.01,0.01,0.1,0.01,0.01,0.0,0.01,0.01
btv1b9078172j_f67.jpg,0.99,0.01,0.0,0.0,0.0,0.0,0.0,0.0,0.0,0.0,0.0,0.0,0.0,0.0,0.0
IRHT_160460_2.jpg,0.0,0.09,0.5,0.18,0.06,0.11,0.02,0.02,0.01,0.02,0.01,0.0,0.0,0.0,0.0
500256201_MS0229_0202.jpg,0.25,0.17,0.09,0.0,0.01,0.01,0.0,0.01,0.14,0.24,0.07,0.0,0.0,0.0,0.0
btv1b9072417h_f14.jpg,0.68,0.03,0.14,0.0,0.01,0.0,0.0,0.0,0.02,0.09,0.01,0.02,0.0,0.0,0.0
B103876101_MS0891_00005_C.JPG,0.0,0.02,0.11,0.02,0.17,0.38,0.15,0.03,0.02,0.06,0.01,0.0,0.01,0.01,0.01
610016201_MS0647_0161.jpg,0.1,0.44,0.36,0.0,0.0,0.0,0.0,0.0,0.01,0.03,0.04,0.01,0.0,0.0,0.0
IRHT_P_007920.tif,0.0,0.0,0.01,0.0,0.03,0.02,0.0,0.0,0.0,0.89,0.01,0.03,0.0,0.0,0.0
btv1b55008176d_f405.jpg,0.0,0.01,0.01,0.0,0.01,0.03,0.06,0.03,0.03,0.66,0.14,0.0,0.0,0.0,0.0
btv1b9067124w_f66.jpg,0.0,0.0,0.0,0.0,0.0,0.0,0.03,0.32,0.33,0.29,0.03,0.0,0.0,0.0,0.0
IRHT_161943_2.jpg,0.0,0.0,0.0,0.01,0.52,0.03,0.08,0.25,0.03,0.04,0.02,0.01,0.01,0.0,0.01
710146101_S_002_003_0073.jpg,0.99,0.0,0.01,0.0,0.0,0.0,0.0,0.0,0.0,0.0,0.0,0.0,0.0,0.0,0.0
B840076101_MS0175_0015.jpg,0.94,0.03,0.01,0.0,0.0,0.0,0.0,0.0,0.0,0.01,0.0,0.0,0.0,0.0,0.0
IRHT_P_007035.tif,0.0,0.0,0.0,0.0,0.01,0.66,0.03,0.06,0.0,0.21,0.01,0.0,0.0,0.01,0.0
B514546101_MS0142_00006_C.jpg,0.0,0.0,0.71,0.28,0.0,0.0,0.0,0.0,0.0,0.0,0.0,0.0,0.0,0.0,0.0
IRHT_P_006589.tif,0.03,0.0,0.5,0.21,0.03,0.01,0.02,0.0,0.0,0.11,0.01,0.01,0.06,0.02,0.0
CMDF_1_113a.jpg,0.0,0.0,0.01,0.0,0.0,0.0,0.01,0.01,0.02,0.94,0.01,0.01,0.0,0.0,0.0
btv1b9077714v_f22.jpg,0.0,0.0,0.69,0.12,0.03,0.01,0.02,0.0,0.01,0.04,0.04,0.01,0.01,0.01,0.01
btv1b90669569_f6.jpg,0.25,0.01,0.03,0.01,0.0,0.02,0.02,0.0,0.02,0.16,0.09,0.15,0.19,0.04,0.01
IRHT_171480_2.jpg,0.0,0.0,0.05,0.1,0.49,0.17,0.17,0.0,0.0,0.0,0.0,0.0,0.0,0.0,0.0
btv1b8452765t_f55.jpg,0.44,0.01,0.04,0.0,0.0,0.01,0.01,0.01,0.19,0.12,0.08,0.04,0.03,0.01,0.01
591226101_MS0347_0107.jpg,0.0,0.0,0.01,0.0,0.04,0.07,0.25,0.05,0.11,0.16,0.24,0.03,0.01,0.0,0.02
B081056201_MS0202T15_00029.jpg,0.0,0.0,0.96,0.0,0.01,0.02,0.0,0.0,0.0,0.0,0.0,0.0,0.0,0.0,0.0
btv1b8422986v_f195.jpg,0.89,0.02,0.02,0.0,0.0,0.01,0.01,0.0,0.0,0.03,0.01,0.01,0.0,0.0,0.0
CMDF_1_36a.jpg,0.0,0.0,0.04,0.01,0.07,0.2,0.05,0.02,0.01,0.53,0.01,0.03,0.01,0.02,0.0
btv1b8594596n_f34.jpg,0.96,0.02,0.02,0.0,0.0,0.0,0.0,0.0,0.0,0.0,0.0,0.0,0.0,0.0,0.0
M601415401_MS0051_0103.jpg,0.03,0.01,0.11,0.03,0.03,0.19,0.22,0.07,0.02,0.13,0.08,0.03,0.02,0.02,0.01
IRHT_P_006979.tif,0.0,0.0,0.12,0.0,0.09,0.07,0.25,0.15,0.0,0.02,0.0,0.28,0.0,0.0,0.0
B103876101_MS1632_00087_C.JPG,0.0,0.0,0.52,0.35,0.06,0.05,0.0,0.0,0.01,0.0,0.01,0.0,0.0,0.0,0.0
B490076101_MS0283_0029.jpg,0.21,0.36,0.41,0.01,0.0,0.0,0.0,0.0,0.0,0.0,0.0,0.0,0.0,0.0,0.0
M601415401_MS0428_0152.jpg,0.0,0.0,0.0,0.09,0.81,0.09,0.0,0.0,0.0,0.0,0.0,0.0,0.0,0.0,0.0
IRHT_P_006463.tif,0.0,0.0,0.0,0.0,0.0,0.0,0.0,0.0,0.06,0.91,0.02,0.0,0.0,0.0,0.0
751062305_Ms_Mas_0070_0033.jpg,0.0,0.04,0.85,0.08,0.0,0.0,0.0,0.0,0.0,0.02,0.0,0.0,0.0,0.0,0.0
btv1b8452550p_f111.jpg,0.71,0.02,0.07,0.01,0.02,0.03,0.01,0.01,0.0,0.04,0.02,0.01,0.04,0.01,0.0
B890246201_MS0053_0025.jpg,0.0,0.0,0.0,0.01,0.46,0.23,0.1,0.05,0.02,0.03,0.03,0.07,0.0,0.0,0.0
IRHT_P_007067.tif,0.0,0.0,0.0,0.0,0.01,0.0,0.01,0.02,0.15,0.69,0.08,0.04,0.0,0.0,0.0
B140475201_MS0055_0004.jpg,0.02,0.01,0.76,0.17,0.0,0.01,0.0,0.0,0.0,0.01,0.0,0.0,0.0,0.0,0.0
IRHT_P_008063.tif,0.0,0.0,0.0,0.0,0.01,0.02,0.0,0.0,0.02,0.46,0.13,0.22,0.04,0.01,0.07
btv1b55008177v_f21.jpg,0.01,0.0,0.08,0.03,0.23,0.33,0.19,0.09,0.01,0.02,0.01,0.0,0.0,0.0,0.0
500256201_MS0088_0025.jpg,0.04,0.0,0.83,0.03,0.0,0.01,0.01,0.0,0.0,0.02,0.03,0.0,0.02,0.0,0.0
IRHT_159251_2.jpg,0.65,0.05,0.12,0.03,0.0,0.0,0.0,0.01,0.06,0.04,0.0,0.02,0.02,0.01,0.0
IRHT_15627_2.jpg,0.0,0.0,0.0,0.0,0.01,0.01,0.44,0.02,0.03,0.34,0.14,0.01,0.0,0.0,0.0
CMDF_1_149a.jpg,0.0,0.0,0.02,0.0,0.0,0.01,0.01,0.01,0.0,0.92,0.01,0.0,0.0,0.0,0.0
IRHT_157796_2.jpg,0.0,0.0,0.0,0.0,0.82,0.12,0.05,0.01,0.0,0.0,0.0,0.0,0.0,0.0,0.0
btv1b90679007_f10.jpg,0.0,0.0,0.07,0.03,0.55,0.29,0.01,0.02,0.01,0.01,0.0,0.0,0.0,0.0,0.0
btv1b9077944p_f88.jpg,0.0,0.0,0.0,0.01,0.15,0.28,0.48,0.03,0.0,0.03,0.0,0.0,0.0,0.0,0.0
IRHT_053086_2.jpg,0.92,0.01,0.0,0.0,0.0,0.0,0.0,0.0,0.01,0.05,0.01,0.0,0.0,0.0,0.0
IRHT_164072_2.jpg,0.0,0.0,0.0,0.0,0.02,0.78,0.15,0.01,0.0,0.01,0.02,0.0,0.0,0.0,0.0
IRHT_146779_2.jpg,0.0,0.35,0.57,0.0,0.0,0.01,0.0,0.0,0.0,0.04,0.01,0.02,0.0,0.0,0.0
710766101_MS0008_0057.jpg,0.0,0.06,0.9,0.0,0.0,0.01,0.0,0.0,0.0,0.01,0.0,0.0,0.0,0.0,0.0
330636101_MS0073_0055.jpg,0.0,0.0,0.0,0.0,0.0,0.0,0.25,0.19,0.53,0.03,0.0,0.0,0.0,0.0,0.0
IRHT_P_007286.tif,0.0,0.0,0.0,0.0,0.0,0.04,0.56,0.33,0.06,0.02,0.0,0.0,0.0,0.0,0.0
IRHT_P_007865.tif,0.18,0.27,0.46,0.0,0.0,0.0,0.0,0.01,0.0,0.02,0.02,0.01,0.0,0.0,0.01
M601415401_MS0428_0007.jpg,0.02,0.0,0.04,0.12,0.52,0.12,0.03,0.01,0.01,0.06,0.06,0.0,0.0,0.0,0.0
IRHT_P_007296.tif,0.0,0.0,0.04,0.52,0.35,0.07,0.0,0.0,0.0,0.02,0.0,0.0,0.0,0.0,0.0
btv1b9066678v_f26.jpg,0.99,0.01,0.0,0.0,0.0,0.0,0.0,0.0,0.0,0.0,0.0,0.0,0.0,0.0,0.0
141185204_Coll_Mancel_MS0086_0040.jpg,0.0,0.0,0.09,0.1,0.14,0.53,0.01,0.02,0.02,0.01,0.08,0.0,0.0,0.0,0.0
141186101_MS0026_365_in_fol_013_0202.jpg,0.0,0.0,0.12,0.0,0.02,0.02,0.03,0.07,0.38,0.17,0.15,0.03,0.0,0.0,0.01
IRHT_P_007914.tif,0.38,0.45,0.16,0.0,0.0,0.0,0.0,0.0,0.0,0.0,0.0,0.0,0.0,0.0,0.0
btv1b90726532_f4.jpg,0.0,0.0,0.01,0.01,0.29,0.46,0.03,0.06,0.02,0.08,0.03,0.01,0.01,0.0,0.0
IRHT_P_002000.tif,0.0,0.01,0.13,0.25,0.13,0.02,0.03,0.01,0.04,0.21,0.03,0.12,0.01,0.0,0.0
B141185106_MS0343_0010.jpg,0.01,0.0,0.0,0.0,0.0,0.0,0.01,0.0,0.27,0.39,0.28,0.02,0.0,0.0,0.01
IRHT_P_006720.tif,0.0,0.0,0.0,0.0,0.0,0.0,0.0,0.06,0.1,0.79,0.04,0.0,0.0,0.0,0.0
IRHT_P_001056.tif,0.0,0.0,0.02,0.0,0.05,0.12,0.25,0.16,0.06,0.3,0.0,0.01,0.0,0.02,0.0
IRHT_P_007850.tif,0.0,0.01,0.99,0.0,0.0,0.0,0.0,0.0,0.0,0.0,0.0,0.0,0.0,0.0,0.0
IRHT_P_006563.tif,0.0,0.0,0.0,0.0,0.0,0.32,0.05,0.12,0.01,0.36,0.14,0.0,0.0,0.0,0.0
710146101_S_019_019bis_0097.jpg,0.59,0.02,0.12,0.01,0.01,0.06,0.04,0.02,0.0,0.03,0.02,0.04,0.01,0.02,0.01
IRHT_P_009054.tif,0.0,0.0,0.02,0.0,0.0,0.0,0.01,0.05,0.14,0.44,0.29,0.0,0.01,0.0,0.02
500256201_MS0216_0016.jpg,0.04,0.01,0.03,0.01,0.03,0.07,0.3,0.13,0.01,0.22,0.06,0.09,0.0,0.01,0.01
btv1b9078117b_f39.jpg,0.0,0.0,0.01,0.0,0.26,0.63,0.02,0.0,0.01,0.03,0.02,0.0,0.0,0.0,0.0
B514546101_MS0614_00194.jpg,0.0,0.0,0.0,0.0,0.01,0.04,0.65,0.2,0.1,0.01,0.0,0.0,0.0,0.0,0.0
CMDF_1_117a.jpg,0.0,0.0,0.0,0.0,0.0,0.0,0.0,0.0,0.0,1.0,0.0,0.0,0.0,0.0,0.0
btv1b6001165p_f9.jpg,0.1,0.03,0.57,0.01,0.0,0.02,0.01,0.01,0.04,0.09,0.04,0.02,0.03,0.02,0.01
IRHT_14485_2.jpg,0.02,0.01,0.04,0.01,0.03,0.01,0.02,0.04,0.14,0.43,0.22,0.01,0.0,0.0,0.0
IRHT_P_007395.tif,0.0,0.0,0.0,0.0,0.0,0.0,0.07,0.29,0.41,0.2,0.03,0.0,0.0,0.0,0.0
btv1b9072537m_f6.jpg,0.03,0.01,0.03,0.0,0.01,0.01,0.03,0.03,0.24,0.17,0.32,0.05,0.06,0.01,0.01
B765406101_MS0277_0259.jpg,0.01,0.0,0.01,0.4,0.3,0.1,0.02,0.01,0.02,0.07,0.02,0.01,0.01,0.0,0.0
IRHT_148595_2.jpg,0.0,0.0,0.0,0.0,0.01,0.14,0.82,0.02,0.0,0.0,0.0,0.0,0.0,0.0,0.0
CMDF_1_164a.jpg,0.02,0.01,0.04,0.0,0.0,0.01,0.01,0.0,0.0,0.05,0.46,0.08,0.2,0.09,0.03
IRHT_171442_2.jpg,0.0,0.01,0.03,0.0,0.01,0.02,0.22,0.32,0.08,0.14,0.11,0.03,0.01,0.01,0.02
CMDF_1_114b.jpg,0.01,0.0,0.0,0.02,0.03,0.0,0.02,0.01,0.0,0.86,0.01,0.0,0.02,0.01,0.0
btv1b8452767n_f31.jpg,0.29,0.48,0.03,0.0,0.0,0.02,0.02,0.01,0.01,0.04,0.02,0.01,0.01,0.05,0.01
CMDF_1_162a.jpg,0.0,0.0,0.01,0.01,0.01,0.0,0.0,0.02,0.0,0.89,0.03,0.02,0.0,0.01,0.0
IRHT_11708_2.jpg,0.0,0.0,0.0,0.0,0.0,0.02,0.63,0.02,0.06,0.14,0.12,0.0,0.0,0.0,0.0
IRHT_093985_2.jpg,0.0,0.0,0.0,0.17,0.47,0.09,0.0,0.01,0.0,0.05,0.01,0.19,0.0,0.0,0.0
IRHT_P_007933.tif,0.0,0.0,1.0,0.0,0.0,0.0,0.0,0.0,0.0,0.0,0.0,0.0,0.0,0.0,0.0
B514546101_MS0762_00154.jpg,0.0,0.0,0.0,0.0,0.19,0.04,0.51,0.0,0.0,0.05,0.22,0.0,0.0,0.0,0.0
btv1b9066733m_f91.jpg,0.0,0.0,0.06,0.01,0.48,0.33,0.09,0.02,0.0,0.0,0.0,0.0,0.0,0.0,0.0
M601415401_MS0428_0006.jpg,0.02,0.0,0.02,0.02,0.34,0.12,0.03,0.0,0.16,0.11,0.09,0.01,0.04,0.0,0.02
IRHT_163363_2.jpg,0.0,0.0,0.0,0.0,0.0,0.0,0.03,0.03,0.01,0.67,0.24,0.0,0.0,0.0,0.0
IRHT_017992_2.jpg,0.02,0.02,0.07,0.01,0.0,0.0,0.0,0.01,0.01,0.11,0.0,0.63,0.02,0.08,0.03
btv1b9065874k_f89.jpg,0.0,0.0,0.0,0.0,0.01,0.72,0.09,0.01,0.01,0.05,0.1,0.0,0.0,0.0,0.0
btv1b10720812j_f95.jpg,0.0,0.0,0.01,0.17,0.38,0.35,0.08,0.0,0.0,0.0,0.0,0.0,0.0,0.0,0.0
IRHT_P_007953.tif,0.01,0.02,0.97,0.0,0.0,0.0,0.0,0.0,0.0,0.0,0.0,0.0,0.0,0.0,0.0
btv1b90670160_f24.jpg,0.0,0.0,0.0,0.09,0.53,0.35,0.01,0.01,0.0,0.0,0.0,0.0,0.0,0.0,0.0
IRHT_P_007861.tif,0.0,0.01,0.17,0.09,0.46,0.08,0.0,0.0,0.0,0.12,0.0,0.02,0.01,0.0,0.02
btv1b9065952b_f71.jpg,0.03,0.0,0.03,0.01,0.02,0.58,0.19,0.02,0.02,0.07,0.01,0.0,0.0,0.0,0.01
btv1b8449684q_f53.jpg,0.01,0.0,0.01,0.02,0.0,0.44,0.08,0.28,0.02,0.06,0.06,0.01,0.01,0.0,0.01
B514546101_MS0862_00056_C.jpg,0.0,0.0,0.0,0.08,0.13,0.05,0.06,0.05,0.17,0.41,0.04,0.0,0.0,0.0,0.0
141186101_MS0533_314_in_4_038_0012.jpg,0.0,0.0,0.01,0.0,0.0,0.01,0.09,0.01,0.05,0.2,0.37,0.03,0.03,0.11,0.09
M601415401_MS0016_0151.jpg,0.02,0.03,0.81,0.01,0.0,0.01,0.01,0.0,0.01,0.03,0.03,0.01,0.02,0.0,0.0
IRHT_037988_2.jpg,0.07,0.01,0.01,0.0,0.19,0.08,0.01,0.01,0.01,0.15,0.41,0.0,0.0,0.01,0.02
btv1b9078168n_f7.jpg,0.95,0.01,0.01,0.0,0.0,0.0,0.0,0.0,0.0,0.01,0.01,0.0,0.0,0.0,0.0
CMDF_1_14a.jpg,0.0,0.01,0.04,0.48,0.11,0.18,0.01,0.01,0.0,0.17,0.0,0.0,0.0,0.0,0.0
IRHT_13754_2.jpg,0.0,0.0,0.0,0.0,0.01,0.04,0.6,0.01,0.05,0.09,0.18,0.0,0.0,0.0,0.0
IRHT_048886_2.jpg,0.0,0.0,0.0,0.0,0.04,0.79,0.01,0.1,0.05,0.0,0.0,0.0,0.0,0.0,0.0
B721816101_MS0107_0055.jpg,0.01,0.0,0.34,0.01,0.05,0.0,0.02,0.0,0.05,0.3,0.16,0.02,0.01,0.01,0.01
IRHT_11841_2.jpg,0.01,0.0,0.02,0.4,0.11,0.02,0.08,0.01,0.02,0.09,0.23,0.0,0.0,0.0,0.02
btv1b105158935_f111.jpg,0.0,0.0,0.0,0.0,0.0,0.0,0.0,0.17,0.04,0.78,0.0,0.0,0.0,0.0,0.0
IRHT_P_007832.tif,0.0,0.0,1.0,0.0,0.0,0.0,0.0,0.0,0.0,0.0,0.0,0.0,0.0,0.0,0.0
M601415401_MS0476_0061.jpg,0.0,0.0,0.1,0.0,0.43,0.15,0.06,0.06,0.06,0.03,0.1,0.0,0.0,0.0,0.0
751062305_Ms_Mas_0075_0049.jpg,0.0,0.0,0.02,0.01,0.01,0.02,0.41,0.23,0.01,0.12,0.12,0.02,0.02,0.01,0.0
751062305_Ms_Mas_0005_0066.jpg,0.01,0.0,0.08,0.06,0.02,0.23,0.36,0.01,0.02,0.08,0.05,0.01,0.05,0.0,0.01
CMDF_1_1b.jpg,0.37,0.38,0.05,0.0,0.0,0.0,0.0,0.0,0.0,0.02,0.1,0.0,0.01,0.05,0.01
btv1b9078104q_f35.jpg,0.0,0.0,0.02,0.0,0.87,0.05,0.04,0.01,0.0,0.0,0.0,0.0,0.0,0.0,0.0
IRHT_P_006998.tif,0.0,0.0,0.0,0.0,0.0,0.0,0.0,0.0,0.02,0.66,0.29,0.03,0.0,0.0,0.0
B103876101_MS0283_00063_C.JPG,0.0,0.01,0.26,0.13,0.42,0.17,0.0,0.0,0.01,0.0,0.0,0.01,0.0,0.0,0.0
B514546101_MS0687_00372.jpg,0.0,0.0,0.0,0.71,0.06,0.05,0.0,0.0,0.0,0.09,0.09,0.0,0.0,0.0,0.0
btv1b525035131_f68.jpg,0.0,0.0,0.55,0.33,0.05,0.0,0.02,0.0,0.01,0.02,0.0,0.0,0.0,0.0,0.0
B721816101_MS0023_0058.jpg,0.04,0.66,0.25,0.0,0.0,0.01,0.01,0.0,0.01,0.02,0.01,0.0,0.0,0.0,0.0
M601415401_MS0016_0006.jpg,0.11,0.02,0.82,0.01,0.01,0.0,0.0,0.0,0.0,0.01,0.01,0.0,0.0,0.0,0.0
IRHT_P_006587.tif,0.0,0.0,0.85,0.15,0.0,0.0,0.0,0.0,0.0,0.0,0.0,0.0,0.0,0.0,0.0
btv1b90659241_f68.jpg,0.2,0.0,0.02,0.0,0.39,0.2,0.11,0.05,0.0,0.0,0.01,0.01,0.01,0.0,0.0
710766101_MS0011_0038.jpg,0.0,0.0,0.99,0.0,0.0,0.0,0.0,0.0,0.0,0.0,0.0,0.0,0.0,0.0,0.0
IRHT_P_007300.tif,0.0,0.0,0.0,0.0,0.0,0.0,0.0,0.01,0.24,0.68,0.07,0.0,0.0,0.0,0.0
M601415401_MS0476_0060.jpg,0.0,0.0,0.05,0.03,0.7,0.08,0.05,0.01,0.01,0.04,0.02,0.0,0.0,0.0,0.0
btv1b10721169f_f6.jpg,0.01,0.0,0.08,0.05,0.32,0.42,0.02,0.0,0.0,0.04,0.03,0.01,0.02,0.0,0.0
IRHT_P_006591.tif,0.0,0.31,0.65,0.01,0.0,0.0,0.0,0.0,0.0,0.02,0.0,0.0,0.0,0.0,0.0
IRHT_0871_2.jpg,0.0,0.0,0.81,0.16,0.02,0.0,0.0,0.0,0.0,0.0,0.0,0.0,0.0,0.0,0.0
btv1b9065872r_f6.jpg,0.0,0.0,0.04,0.02,0.59,0.29,0.01,0.0,0.0,0.02,0.01,0.0,0.0,0.0,0.0
141186101_MS0025_364_in_4_013_0123.jpg,0.0,0.0,0.0,0.0,0.03,0.24,0.08,0.29,0.04,0.24,0.05,0.01,0.0,0.0,0.0
IRHT_039818_2.jpg,0.0,0.0,0.0,0.0,0.05,0.12,0.65,0.01,0.0,0.0,0.16,0.0,0.0,0.0,0.0
B721816101_MS0067_0048.jpg,0.0,0.0,0.4,0.53,0.02,0.02,0.01,0.0,0.0,0.01,0.0,0.0,0.0,0.0,0.0
B103876101_MS1705_00017_C.JPG,0.0,0.0,0.19,0.65,0.07,0.03,0.0,0.02,0.02,0.0,0.0,0.0,0.0,0.0,0.0
btv1b90666494_f142.jpg,0.0,0.01,0.45,0.41,0.04,0.0,0.0,0.01,0.02,0.02,0.02,0.0,0.0,0.0,0.0
IRHT_026518_2.jpg,0.0,0.03,0.02,0.0,0.26,0.08,0.02,0.09,0.02,0.22,0.18,0.03,0.01,0.01,0.03
IRHT_P_007910.tif,0.97,0.03,0.0,0.0,0.0,0.0,0.0,0.0,0.0,0.0,0.0,0.0,0.0,0.0,0.0
IRHT_P_005696.tif,0.0,0.0,0.0,0.0,0.08,0.56,0.31,0.04,0.0,0.0,0.01,0.0,0.0,0.0,0.0
btv1b8458136w_f24.jpg,0.0,0.0,0.01,0.0,0.02,0.06,0.79,0.09,0.01,0.02,0.01,0.0,0.0,0.0,0.0
CMDF_1_93a.jpg,0.0,0.0,0.01,0.0,0.0,0.0,0.14,0.02,0.0,0.81,0.01,0.0,0.0,0.0,0.0
btv1b55001423q_f56.jpg,0.57,0.04,0.11,0.0,0.02,0.02,0.01,0.02,0.0,0.05,0.08,0.05,0.02,0.02,0.0
IRHT_P_007397.tif,0.0,0.0,0.01,0.0,0.0,0.0,0.0,0.49,0.16,0.33,0.0,0.0,0.0,0.0,0.0
B081056201_MS0114_00039.jpg,0.06,0.08,0.85,0.0,0.0,0.0,0.0,0.0,0.0,0.0,0.0,0.0,0.0,0.0,0.0
IRHT_P_006734.tif,0.0,0.0,0.01,0.0,0.05,0.2,0.03,0.0,0.03,0.52,0.09,0.03,0.03,0.0,0.0
IRHT_P_006811.tif,0.0,0.0,0.0,0.0,0.0,0.01,0.09,0.22,0.33,0.3,0.04,0.0,0.0,0.0,0.0
btv1b90807836_f21.jpg,0.91,0.01,0.01,0.0,0.0,0.01,0.0,0.0,0.01,0.03,0.01,0.0,0.0,0.0,0.0
CMDF_1_27b.jpg,0.06,0.04,0.05,0.0,0.0,0.01,0.01,0.07,0.01,0.73,0.02,0.0,0.0,0.0,0.0
CMDF_1_144b.jpg,0.02,0.0,0.01,0.0,0.0,0.0,0.01,0.0,0.01,0.88,0.03,0.0,0.01,0.03,0.0
btv1b10515864c_f65.jpg,0.0,0.0,0.03,0.01,0.01,0.61,0.12,0.05,0.0,0.14,0.0,0.0,0.0,0.0,0.03
M601415401_MS0740_0008.jpg,0.1,0.06,0.75,0.0,0.0,0.02,0.03,0.0,0.0,0.02,0.0,0.0,0.0,0.0,0.0
M601415401_MS0599_0012.jpg,0.04,0.01,0.08,0.01,0.05,0.3,0.11,0.07,0.04,0.11,0.12,0.02,0.01,0.01,0.01
B514546101_MS0248_00070_C.jpg,0.0,0.03,0.7,0.2,0.03,0.0,0.0,0.0,0.0,0.01,0.02,0.0,0.0,0.0,0.0
500256201_MS0105_0027.jpg,0.55,0.37,0.05,0.0,0.0,0.0,0.0,0.0,0.0,0.01,0.01,0.0,0.0,0.0,0.0
btv1b9078172j_f5.jpg,1.0,0.0,0.0,0.0,0.0,0.0,0.0,0.0,0.0,0.0,0.0,0.0,0.0,0.0,0.0
M601415401_MS0121_0205.jpg,0.0,0.0,0.96,0.0,0.0,0.0,0.0,0.0,0.0,0.0,0.0,0.01,0.0,0.03,0.0
IRHT_12147_2.jpg,0.0,0.0,0.0,0.0,0.0,0.0,0.69,0.2,0.08,0.03,0.0,0.0,0.0,0.0,0.0
IRHT_099733_2.jpg,0.01,0.35,0.26,0.03,0.01,0.0,0.0,0.01,0.01,0.3,0.03,0.0,0.0,0.0,0.0
btv1b8451607q_f45.jpg,0.0,0.0,0.0,0.0,0.0,0.0,0.02,0.03,0.29,0.64,0.0,0.0,0.0,0.0,0.0
IRHT_164011_2.jpg,0.02,0.01,0.22,0.5,0.11,0.01,0.01,0.0,0.01,0.05,0.01,0.01,0.01,0.01,0.01
IRHT_163218_2.jpg,0.0,0.0,0.0,0.0,0.0,0.01,0.04,0.02,0.02,0.17,0.04,0.67,0.0,0.01,0.0
IRHT_P_007256.tif,0.03,0.0,0.0,0.0,0.0,0.0,0.04,0.16,0.24,0.5,0.03,0.0,0.0,0.0,0.0
IRHT_P_007269.tif,0.0,0.0,0.01,0.0,0.0,0.03,0.05,0.04,0.09,0.57,0.18,0.01,0.0,0.0,0.01
CMDF_1_110b.jpg,0.0,0.0,0.0,0.0,0.0,0.0,0.01,0.02,0.01,0.94,0.0,0.0,0.0,0.01,0.0
IRHT_P_007061.tif,0.0,0.0,0.0,0.0,0.01,0.02,0.0,0.01,0.03,0.57,0.09,0.17,0.05,0.01,0.02
btv1b107211663_f8.jpg,0.0,0.0,0.02,0.04,0.56,0.3,0.02,0.0,0.01,0.01,0.03,0.0,0.0,0.0,0.0
IRHT_P_007951.tif,0.0,0.0,0.96,0.04,0.0,0.0,0.0,0.0,0.0,0.0,0.0,0.0,0.0,0.0,0.0
M601415401_MS0599_0009.jpg,0.02,0.02,0.06,0.02,0.06,0.36,0.09,0.09,0.02,0.1,0.05,0.03,0.03,0.02,0.01
IRHT_P_008064.tif,0.0,0.0,0.0,0.0,0.0,0.0,0.0,0.0,0.02,0.73,0.12,0.1,0.02,0.0,0.0
IRHT_P_006314.tif,0.0,0.0,0.02,0.3,0.62,0.06,0.0,0.0,0.0,0.0,0.0,0.0,0.0,0.0,0.0
IRHT_P_007923.tif,0.05,0.14,0.71,0.0,0.0,0.0,0.0,0.0,0.0,0.1,0.0,0.0,0.0,0.0,0.0
M601415401_MS0734_0194.jpg,0.0,0.0,0.0,0.01,0.25,0.32,0.37,0.01,0.0,0.01,0.02,0.01,0.01,0.0,0.0
IRHT_P_007911.tif,0.96,0.01,0.01,0.0,0.0,0.0,0.0,0.0,0.01,0.01,0.0,0.0,0.0,0.0,0.0
272296201_lat_021_0024.jpg,0.0,0.02,0.19,0.13,0.5,0.15,0.01,0.0,0.0,0.0,0.0,0.0,0.0,0.0,0.0
IRHT_P_000895.tif,0.0,0.0,0.01,0.01,0.36,0.55,0.0,0.0,0.03,0.04,0.0,0.0,0.0,0.0,0.0
IRHT_039111_2.jpg,0.07,0.72,0.11,0.01,0.0,0.0,0.0,0.0,0.03,0.04,0.01,0.0,0.01,0.0,0.0
B721816101_MS0075_0047.jpg,0.0,0.0,0.01,0.38,0.42,0.14,0.01,0.0,0.0,0.02,0.01,0.01,0.0,0.0,0.0
B721816101_MS0260_0020.jpg,0.99,0.0,0.0,0.0,0.0,0.0,0.0,0.0,0.0,0.0,0.0,0.0,0.0,0.0,0.0
IRHT_P_007922.tif,0.0,0.95,0.02,0.02,0.0,0.0,0.0,0.0,0.0,0.0,0.0,0.0,0.0,0.0,0.0
CMDF_1_12a.jpg,0.01,0.02,0.37,0.29,0.04,0.03,0.03,0.02,0.02,0.16,0.01,0.01,0.0,0.0,0.0
CMDF_1_118b.jpg,0.0,0.0,0.0,0.0,0.01,0.02,0.01,0.0,0.0,0.92,0.01,0.01,0.0,0.0,0.0
IRHT_P_006593.tif,0.0,0.74,0.17,0.0,0.0,0.07,0.01,0.0,0.0,0.0,0.0,0.0,0.0,0.0,0.0
IRHT_P_008040.tif,0.71,0.09,0.19,0.0,0.0,0.0,0.0,0.0,0.0,0.0,0.0,0.0,0.0,0.0,0.0
IRHT_P_001942.tif,0.0,0.0,0.01,0.01,0.16,0.6,0.14,0.0,0.04,0.04,0.0,0.0,0.0,0.0,0.0
B514546101_MS0668_00043.jpg,0.0,0.0,0.0,0.0,0.38,0.05,0.28,0.24,0.01,0.02,0.02,0.0,0.0,0.0,0.0
btv1b90777210_f74.jpg,0.04,0.0,0.0,0.0,0.0,0.01,0.11,0.41,0.18,0.19,0.03,0.01,0.0,0.0,0.0
B140475201_MS0074_0022.jpg,0.01,0.0,0.02,0.06,0.67,0.1,0.06,0.02,0.0,0.05,0.01,0.0,0.0,0.0,0.0
IRHT_160812_2.jpg,0.01,0.01,0.85,0.0,0.01,0.01,0.03,0.0,0.02,0.04,0.01,0.0,0.0,0.0,0.0
CMDF_1_99b.jpg,0.0,0.0,0.0,0.0,0.0,0.0,0.0,0.0,0.0,0.99,0.0,0.0,0.0,0.0,0.0
B531306201_MS0085_0041.jpg,0.08,0.01,0.09,0.01,0.01,0.06,0.34,0.26,0.01,0.09,0.01,0.01,0.01,0.02,0.0
500256201_MS0068_0019.jpg,0.48,0.34,0.06,0.0,0.0,0.02,0.01,0.0,0.03,0.04,0.01,0.0,0.0,0.0,0.0
B721816101_MS0023_0134.jpg,0.04,0.48,0.44,0.01,0.0,0.0,0.0,0.0,0.0,0.01,0.0,0.0,0.0,0.0,0.0
IRHT_P_006828.tif,0.0,0.0,0.0,0.0,0.02,0.19,0.08,0.01,0.05,0.63,0.01,0.01,0.0,0.0,0.0
IRHT_P_008061.tif,0.0,0.11,0.83,0.06,0.0,0.0,0.0,0.0,0.0,0.0,0.0,0.0,0.0,0.0,0.0
btv1b10721064t_f22.jpg,0.0,0.0,0.01,0.0,0.0,0.02,0.12,0.16,0.09,0.47,0.08,0.02,0.01,0.0,0.01
IRHT_107930_2.jpg,0.0,0.0,0.0,0.0,0.02,0.04,0.43,0.04,0.07,0.29,0.04,0.05,0.0,0.0,0.0
IRHT_P_007896.tif,0.32,0.2,0.47,0.0,0.0,0.0,0.0,0.0,0.0,0.0,0.0,0.01,0.0,0.0,0.0
CMDF_1_136a.jpg,0.02,0.02,0.01,0.0,0.0,0.01,0.01,0.01,0.02,0.83,0.04,0.01,0.0,0.01,0.01
btv1b90677951_f199.jpg,0.0,0.0,0.01,0.0,0.0,0.01,0.01,0.07,0.05,0.56,0.06,0.21,0.01,0.0,0.0
CMDF_1_95b.jpg,0.0,0.0,0.0,0.0,0.0,0.0,0.0,0.0,0.0,1.0,0.0,0.0,0.0,0.0,0.0
IRHT_052058_2.jpg,0.81,0.02,0.0,0.0,0.0,0.0,0.01,0.0,0.0,0.12,0.03,0.0,0.0,0.0,0.0
631136102_MS0732_0083.jpg,0.02,0.29,0.43,0.0,0.0,0.02,0.01,0.01,0.02,0.16,0.02,0.01,0.0,0.0,0.0
btv1b90671311_f123.jpg,0.0,0.0,0.08,0.04,0.56,0.27,0.01,0.0,0.0,0.03,0.0,0.0,0.0,0.0,0.0
CMDF_1_71b.jpg,0.01,0.0,0.0,0.0,0.0,0.0,0.0,0.03,0.01,0.94,0.0,0.0,0.0,0.0,0.0
M601415401_MS0147_0019.jpg,0.0,0.0,0.02,0.01,0.11,0.01,0.03,0.01,0.09,0.33,0.07,0.3,0.01,0.0,0.0
272296201_lat_120_0020.jpg,0.01,0.0,0.04,0.08,0.58,0.04,0.03,0.03,0.02,0.08,0.05,0.02,0.02,0.0,0.01
330636101_MS0780_0038.jpg,0.0,0.0,0.01,0.0,0.51,0.28,0.1,0.02,0.01,0.03,0.03,0.0,0.0,0.0,0.0
M601415401_MS0476_0080.jpg,0.0,0.0,0.03,0.02,0.82,0.04,0.02,0.0,0.02,0.03,0.02,0.0,0.0,0.0,0.0
CMDF_1_138a.jpg,0.02,0.02,0.07,0.0,0.0,0.01,0.0,0.01,0.01,0.75,0.04,0.02,0.0,0.01,0.03
IRHT_P_007792.tif,0.0,0.0,0.0,0.0,0.0,0.0,0.04,0.71,0.1,0.13,0.02,0.0,0.0,0.0,0.0
IRHT_162755_2.jpg,0.98,0.01,0.0,0.0,0.0,0.0,0.01,0.0,0.0,0.0,0.0,0.0,0.0,0.0,0.0
IRHT_052687_2.jpg,0.96,0.0,0.01,0.02,0.0,0.0,0.0,0.0,0.0,0.0,0.0,0.0,0.0,0.0,0.0
B081056201_MS0158T1_00201.jpg,0.0,0.0,0.99,0.01,0.0,0.0,0.0,0.0,0.0,0.0,0.0,0.0,0.0,0.0,0.0
btv1b90667875_f9.jpg,0.0,0.0,0.02,0.01,0.71,0.25,0.0,0.0,0.0,0.0,0.0,0.0,0.0,0.0,0.0
btv1b55007168j_f695.jpg,0.01,0.0,0.04,0.01,0.08,0.07,0.1,0.01,0.03,0.32,0.21,0.05,0.03,0.01,0.02
315556101_MS0178_0171.jpg,0.01,0.0,0.01,0.0,0.29,0.1,0.05,0.29,0.04,0.09,0.07,0.03,0.02,0.01,0.0
B140475201_MS0072_0083.jpg,0.01,0.0,0.01,0.01,0.29,0.06,0.11,0.37,0.02,0.07,0.03,0.01,0.0,0.0,0.0
CMDF_1_151b.jpg,0.0,0.0,0.01,0.0,0.0,0.03,0.37,0.04,0.03,0.1,0.15,0.11,0.15,0.01,0.01
btv1b9066727w_f42.jpg,0.08,0.0,0.02,0.01,0.0,0.03,0.11,0.15,0.11,0.06,0.4,0.01,0.02,0.0,0.0
btv1b9078172j_f73.jpg,0.99,0.0,0.0,0.0,0.0,0.0,0.0,0.0,0.0,0.0,0.0,0.0,0.0,0.0,0.0
CMDF_1_126a.jpg,0.0,0.0,0.01,0.02,0.02,0.03,0.33,0.12,0.02,0.42,0.01,0.0,0.0,0.01,0.0
CMDF_1_122b.jpg,0.05,0.01,0.08,0.0,0.01,0.02,0.04,0.01,0.05,0.64,0.05,0.02,0.0,0.02,0.01
CMDF_1_74b.jpg,0.0,0.0,0.0,0.0,0.01,0.07,0.2,0.13,0.01,0.56,0.01,0.0,0.0,0.0,0.0
btv1b10721194f_f12.jpg,0.0,0.0,0.01,0.79,0.09,0.0,0.0,0.0,0.03,0.02,0.05,0.0,0.0,0.0,0.0
B103876101_MS0392_00047_C.JPG,0.0,0.02,0.12,0.04,0.69,0.02,0.0,0.0,0.01,0.0,0.07,0.03,0.0,0.0,0.0
751062305_Ms_Mas_0039_0009.jpg,0.05,0.0,0.03,0.01,0.02,0.02,0.04,0.04,0.04,0.45,0.13,0.15,0.03,0.0,0.0
B514546101_MS0139_00007_C.jpg,0.0,0.0,0.98,0.01,0.01,0.0,0.0,0.0,0.0,0.0,0.0,0.0,0.0,0.0,0.0
IRHT_129784_2.jpg,0.0,0.0,0.09,0.16,0.45,0.06,0.01,0.01,0.05,0.04,0.05,0.05,0.0,0.01,0.0
CMDF_1_80a.jpg,0.01,0.0,0.0,0.0,0.0,0.0,0.0,0.0,0.0,0.99,0.0,0.0,0.0,0.0,0.0
IRHT_052702_2.jpg,0.85,0.03,0.03,0.05,0.0,0.03,0.01,0.0,0.0,0.01,0.0,0.0,0.0,0.0,0.0
IRHT_P_007078.tif,0.0,0.0,0.0,0.0,0.0,0.11,0.77,0.06,0.01,0.03,0.01,0.0,0.0,0.0,0.0
IRHT_P_009098.tif,0.0,0.0,0.0,0.0,0.0,0.0,0.0,0.0,0.01,0.15,0.32,0.26,0.24,0.03,0.0
IRHT_P_006763.tif,0.0,0.0,0.0,0.0,0.0,0.0,0.0,0.0,0.05,0.91,0.03,0.0,0.0,0.0,0.0
IRHT_162418_2.jpg,0.0,0.0,0.0,0.01,0.63,0.15,0.01,0.01,0.02,0.05,0.11,0.0,0.0,0.0,0.01
CMDF_1_65b.jpg,0.01,0.0,0.02,0.0,0.0,0.03,0.07,0.03,0.02,0.72,0.05,0.02,0.0,0.01,0.03
B765406101_MS0277_0253.jpg,0.01,0.0,0.02,0.55,0.22,0.08,0.01,0.0,0.02,0.05,0.02,0.01,0.01,0.0,0.0
IRHT_P_007962.tif,0.37,0.6,0.03,0.0,0.0,0.0,0.0,0.0,0.0,0.0,0.0,0.0,0.0,0.0,0.0
btv1b9067270g_f50.jpg,0.0,0.0,0.16,0.03,0.53,0.16,0.11,0.01,0.0,0.0,0.0,0.0,0.0,0.0,0.0
btv1b6001165p_f66.jpg,0.35,0.03,0.37,0.03,0.0,0.04,0.02,0.01,0.01,0.1,0.01,0.02,0.0,0.01,0.01
btv1b9078172j_f42.jpg,1.0,0.0,0.0,0.0,0.0,0.0,0.0,0.0,0.0,0.0,0.0,0.0,0.0,0.0,0.0
btv1b9077999n_f43.jpg,0.95,0.01,0.01,0.0,0.0,0.0,0.0,0.0,0.0,0.02,0.0,0.0,0.0,0.0,0.01
IRHT_P_006960.tif,0.61,0.32,0.07,0.0,0.0,0.0,0.0,0.0,0.0,0.0,0.0,0.0,0.0,0.0,0.0
btv1b9078378q_f44.jpg,0.95,0.0,0.0,0.0,0.0,0.0,0.0,0.0,0.0,0.03,0.0,0.01,0.0,0.0,0.0
IRHT_P_007907.tif,0.0,0.04,0.95,0.0,0.0,0.0,0.0,0.0,0.0,0.0,0.0,0.0,0.0,0.0,0.0
CMDF_1_58a.jpg,0.0,0.0,0.0,0.01,0.0,0.08,0.22,0.0,0.0,0.69,0.0,0.0,0.0,0.0,0.0
B490076101_MS0283_0051.jpg,0.25,0.38,0.3,0.01,0.01,0.01,0.0,0.0,0.0,0.01,0.01,0.0,0.0,0.01,0.0
btv1b107216554_f11.jpg,0.0,0.0,0.12,0.21,0.61,0.06,0.01,0.0,0.0,0.0,0.0,0.0,0.0,0.0,0.0
IRHT_025533_2.jpg,0.0,0.0,0.0,0.07,0.11,0.02,0.01,0.0,0.0,0.01,0.75,0.0,0.0,0.0,0.03
IRHT_039856_2.jpg,0.0,0.0,0.0,0.0,0.0,0.0,0.81,0.06,0.0,0.07,0.05,0.0,0.0,0.0,0.0
CMDF_1_146a.jpg,0.0,0.0,0.0,0.0,0.0,0.0,0.01,0.01,0.0,0.95,0.01,0.0,0.0,0.0,0.0
IRHT_P_005997.tif,0.0,0.01,0.14,0.0,0.12,0.56,0.01,0.0,0.02,0.14,0.0,0.0,0.0,0.0,0.0
B511086101_MS0019_00013_C.JPG,0.0,0.0,0.01,0.0,0.02,0.16,0.13,0.07,0.06,0.37,0.13,0.0,0.02,0.01,0.0
M601415401_MS0040_0014.jpg,0.81,0.01,0.04,0.01,0.0,0.01,0.02,0.0,0.01,0.04,0.03,0.01,0.01,0.0,0.01
CMDF_1_56a.jpg,0.0,0.01,0.16,0.0,0.03,0.0,0.01,0.04,0.01,0.71,0.0,0.02,0.0,0.0,0.0
IRHT_160316_2.jpg,0.0,0.01,0.98,0.01,0.0,0.0,0.0,0.0,0.0,0.0,0.0,0.0,0.0,0.0,0.0
IRHT_P_006864.tif,0.0,0.0,0.0,0.0,0.02,0.05,0.14,0.31,0.25,0.19,0.01,0.02,0.0,0.0,0.0
CMDF_1_84a.jpg,0.0,0.0,0.0,0.0,0.0,0.01,0.01,0.01,0.0,0.97,0.0,0.0,0.0,0.0,0.0
IRHT_052690_2.jpg,0.99,0.0,0.0,0.0,0.0,0.0,0.0,0.0,0.0,0.0,0.0,0.0,0.0,0.0,0.0
710766101_MS0010_0016.jpg,0.0,0.0,1.0,0.0,0.0,0.0,0.0,0.0,0.0,0.0,0.0,0.0,0.0,0.0,0.0
CMDF_1_134b.jpg,0.03,0.0,0.01,0.0,0.0,0.01,0.01,0.01,0.02,0.83,0.02,0.01,0.0,0.02,0.01
IRHT_163970_2.jpg,0.01,0.0,0.01,0.0,0.0,0.0,0.0,0.02,0.06,0.84,0.03,0.01,0.0,0.0,0.0
IRHT_P_002066.tif,0.0,0.0,0.0,0.0,0.02,0.01,0.06,0.02,0.19,0.08,0.21,0.16,0.07,0.13,0.04
IRHT_P_007912.tif,0.01,0.0,0.67,0.17,0.01,0.03,0.01,0.01,0.0,0.03,0.0,0.0,0.02,0.0,0.03
IRHT_P_001699.tif,0.0,0.0,0.04,0.0,0.01,0.11,0.17,0.01,0.37,0.05,0.01,0.02,0.06,0.07,0.07
IRHT_P_006081.tif,0.0,0.01,0.88,0.06,0.02,0.0,0.0,0.0,0.01,0.0,0.0,0.0,0.0,0.0,0.0
500256201_MS0058_0124.jpg,0.0,0.38,0.27,0.15,0.0,0.0,0.0,0.0,0.01,0.04,0.11,0.02,0.01,0.0,0.0
IRHT_070838_2.jpg,0.0,0.0,0.01,0.0,0.04,0.0,0.24,0.0,0.01,0.48,0.22,0.0,0.0,0.0,0.0
btv1b105243541_f25.jpg,0.38,0.12,0.49,0.0,0.0,0.0,0.0,0.0,0.0,0.0,0.0,0.0,0.0,0.0,0.0
CMDF_1_53b.jpg,0.01,0.0,0.0,0.0,0.0,0.0,0.08,0.01,0.0,0.89,0.0,0.0,0.0,0.0,0.0
IRHT_080222_2.jpg,0.0,0.0,0.0,0.01,0.41,0.24,0.03,0.07,0.0,0.02,0.18,0.02,0.0,0.0,0.02
IRHT_P_007857.tif,0.0,0.0,0.0,0.0,0.0,0.01,0.37,0.45,0.16,0.0,0.0,0.0,0.0,0.0,0.0
btv1b8447877n_f118.jpg,0.04,0.01,0.17,0.19,0.05,0.04,0.12,0.02,0.06,0.16,0.08,0.02,0.02,0.02,0.03
IRHT_P_007943.tif,0.0,0.0,0.0,0.0,0.01,0.0,0.45,0.02,0.32,0.02,0.17,0.0,0.0,0.0,0.0
CMDF_1_153b.jpg,0.1,0.01,0.03,0.01,0.01,0.03,0.02,0.03,0.04,0.64,0.04,0.02,0.02,0.01,0.0
IRHT_032350_2.jpg,0.0,0.0,0.01,0.07,0.06,0.05,0.14,0.01,0.03,0.1,0.37,0.01,0.01,0.0,0.14
IRHT_068227_2.jpg,0.0,0.0,0.01,0.0,0.07,0.06,0.18,0.3,0.26,0.08,0.02,0.01,0.0,0.0,0.0
IRHT_P_001165.tif,0.0,0.0,0.0,0.0,0.01,0.4,0.31,0.08,0.02,0.17,0.02,0.0,0.0,0.0,0.0
btv1b84496839_f128.jpg,0.0,0.0,0.0,0.0,0.05,0.24,0.48,0.04,0.05,0.06,0.04,0.01,0.02,0.0,0.01
IRHT_081868_2.jpg,0.94,0.04,0.0,0.0,0.0,0.0,0.0,0.0,0.0,0.01,0.01,0.0,0.0,0.0,0.0
btv1b8585603c_f399.jpg,0.33,0.06,0.6,0.0,0.0,0.0,0.0,0.0,0.0,0.0,0.0,0.0,0.0,0.0,0.0
B721816101_MS0023_0027.jpg,0.04,0.64,0.27,0.01,0.0,0.0,0.01,0.0,0.0,0.03,0.01,0.0,0.0,0.0,0.0
M601415401_MS0051_0159.jpg,0.01,0.01,0.05,0.03,0.1,0.1,0.35,0.15,0.02,0.06,0.07,0.01,0.01,0.02,0.01
B141185106_MS0211_0045.jpg,0.06,0.03,0.04,0.01,0.03,0.01,0.02,0.02,0.09,0.12,0.51,0.03,0.01,0.01,0.0
B514546101_MS0173_00015_C.jpg,0.0,0.0,0.0,0.01,0.21,0.32,0.0,0.0,0.02,0.35,0.1,0.0,0.0,0.0,0.0
B081056201_MS0014_00026.jpg,0.0,0.0,0.39,0.53,0.0,0.0,0.0,0.0,0.01,0.02,0.04,0.0,0.0,0.0,0.0
710766101_MS0007_0012.jpg,0.0,0.1,0.88,0.0,0.0,0.0,0.0,0.0,0.0,0.0,0.0,0.0,0.0,0.0,0.0
IRHT_P_007932.tif,0.0,0.04,0.95,0.01,0.0,0.0,0.0,0.0,0.0,0.0,0.0,0.0,0.0,0.0,0.0
btv1b55008177v_f153.jpg,0.01,0.0,0.03,0.03,0.04,0.37,0.27,0.08,0.01,0.13,0.02,0.0,0.0,0.0,0.0
btv1b9078107z_f18.jpg,0.0,0.0,0.02,0.01,0.26,0.57,0.06,0.0,0.02,0.01,0.04,0.0,0.0,0.0,0.0
B514546101_MS0871_00008_C.jpg,0.05,0.0,0.06,0.0,0.02,0.07,0.07,0.42,0.04,0.19,0.03,0.02,0.01,0.01,0.0
IRHT_040129_2.jpg,0.0,0.3,0.59,0.09,0.02,0.0,0.0,0.0,0.0,0.01,0.0,0.0,0.0,0.0,0.0
B514546101_MS0504_00191.jpg,0.0,0.0,0.0,0.0,0.03,0.02,0.89,0.01,0.02,0.01,0.01,0.0,0.0,0.0,0.0
IRHT_P_007844.tif,0.65,0.22,0.12,0.0,0.0,0.0,0.0,0.0,0.0,0.0,0.0,0.0,0.0,0.0,0.0
M601415401_MS0009_0007.jpg,0.01,0.0,0.42,0.13,0.06,0.04,0.06,0.0,0.02,0.06,0.07,0.04,0.05,0.01,0.01
btv1b10722419v_f8.jpg,0.0,0.0,0.01,0.02,0.27,0.22,0.18,0.2,0.04,0.02,0.01,0.0,0.0,0.0,0.01
B512306201_MS0001_00079.jpg,0.93,0.0,0.01,0.0,0.0,0.0,0.0,0.0,0.01,0.03,0.01,0.0,0.0,0.0,0.0
IRHT_158064_2.jpg,0.01,0.0,0.02,0.0,0.03,0.05,0.13,0.14,0.3,0.04,0.28,0.01,0.0,0.0,0.0
btv1b105395234_f58.jpg,0.0,0.0,0.48,0.38,0.13,0.0,0.01,0.0,0.0,0.0,0.0,0.0,0.0,0.0,0.0
btv1b8528771t_f65.jpg,0.99,0.0,0.0,0.0,0.0,0.0,0.0,0.0,0.0,0.0,0.0,0.0,0.0,0.0,0.0
IRHT_P_007006.tif,0.0,0.0,0.0,0.0,0.05,0.01,0.15,0.16,0.03,0.48,0.03,0.0,0.1,0.0,0.0
B140475201_MS0037_0027.jpg,0.0,0.0,0.01,0.0,0.24,0.71,0.03,0.01,0.0,0.0,0.0,0.0,0.0,0.0,0.0
IRHT_P_001057.tif,0.0,0.0,0.0,0.0,0.06,0.08,0.67,0.1,0.05,0.02,0.02,0.0,0.0,0.0,0.0
IRHT_P_009117.tif,0.09,0.0,0.0,0.0,0.0,0.0,0.0,0.03,0.1,0.43,0.06,0.19,0.03,0.01,0.05
710146101_S_019_019bis_0019.jpg,0.86,0.0,0.02,0.01,0.0,0.02,0.02,0.0,0.0,0.02,0.02,0.0,0.01,0.0,0.0
btv1b9076814w_f20.jpg,0.05,0.0,0.63,0.21,0.04,0.01,0.01,0.0,0.0,0.02,0.01,0.0,0.0,0.0,0.0
btv1b9078172j_f63.jpg,1.0,0.0,0.0,0.0,0.0,0.0,0.0,0.0,0.0,0.0,0.0,0.0,0.0,0.0,0.0
IRHT_P_007805.tif,0.0,0.0,0.0,0.0,0.0,0.05,0.08,0.07,0.02,0.68,0.07,0.0,0.0,0.0,0.01
IRHT_P_007547.tif,0.0,0.0,0.01,0.0,0.01,0.02,0.02,0.03,0.14,0.53,0.19,0.02,0.03,0.0,0.01
122026201_MS0019_0028.jpg,0.0,0.0,0.01,0.0,0.1,0.49,0.11,0.01,0.0,0.19,0.05,0.03,0.0,0.0,0.0
btv1b550057309_f66.jpg,0.0,0.0,0.0,0.0,0.0,0.01,0.01,0.0,0.01,0.05,0.22,0.31,0.32,0.07,0.0
IRHT_040429_2.jpg,0.0,0.0,0.0,0.77,0.01,0.01,0.05,0.0,0.06,0.06,0.02,0.01,0.0,0.0,0.0
btv1b8426290k_f32.jpg,0.59,0.01,0.4,0.0,0.0,0.0,0.0,0.0,0.0,0.0,0.0,0.0,0.0,0.0,0.0
IRHT_P_005325.tif,0.0,0.0,0.0,0.0,0.0,0.0,0.01,0.01,0.1,0.82,0.04,0.02,0.0,0.0,0.0
751062305_Ms_Mas_0075_0013.jpg,0.0,0.0,0.01,0.01,0.01,0.11,0.37,0.28,0.02,0.03,0.16,0.01,0.01,0.0,0.0
btv1b8442914x_f103.jpg,0.0,0.02,0.76,0.12,0.08,0.01,0.0,0.0,0.0,0.0,0.0,0.0,0.0,0.0,0.0
B212316101_MS0074_0006.jpg,0.0,0.0,0.0,0.0,0.03,0.72,0.1,0.04,0.02,0.05,0.03,0.01,0.0,0.0,0.0
btv1b52504638t_f23.jpg,0.01,0.0,0.01,0.0,0.0,0.0,0.01,0.03,0.02,0.89,0.02,0.01,0.0,0.0,0.0
IRHT_162599_2.jpg,0.04,0.04,0.07,0.0,0.0,0.0,0.01,0.01,0.01,0.81,0.0,0.0,0.0,0.0,0.0
IRHT_170327_2.jpg,0.0,0.0,0.0,0.0,0.0,0.02,0.74,0.2,0.0,0.02,0.0,0.0,0.0,0.0,0.0
141185204_Coll_Mancel_MS0237_0008.jpg,0.0,0.0,0.03,0.0,0.03,0.17,0.13,0.04,0.07,0.16,0.07,0.04,0.05,0.02,0.18
btv1b9081030z_f58.jpg,0.03,0.0,0.03,0.01,0.03,0.25,0.03,0.01,0.02,0.05,0.45,0.05,0.01,0.01,0.02
M601415401_MS0739_0008.jpg,0.03,0.19,0.14,0.01,0.0,0.03,0.01,0.02,0.24,0.14,0.06,0.1,0.03,0.0,0.02
IRHT_038956_2.jpg,0.06,0.36,0.38,0.07,0.0,0.0,0.0,0.0,0.0,0.11,0.01,0.0,0.0,0.0,0.0
btv1b9077944p_f53.jpg,0.0,0.0,0.01,0.1,0.83,0.02,0.01,0.0,0.0,0.01,0.0,0.0,0.0,0.0,0.0
M601415401_MS0051_0011.jpg,0.01,0.01,0.07,0.05,0.05,0.18,0.28,0.1,0.02,0.1,0.08,0.01,0.02,0.01,0.01
IRHT_P_007908.tif,0.07,0.8,0.12,0.0,0.0,0.0,0.0,0.0,0.0,0.0,0.0,0.0,0.0,0.0,0.0
btv1b6000528g_f107.jpg,0.94,0.01,0.01,0.0,0.0,0.0,0.0,0.0,0.0,0.04,0.0,0.0,0.0,0.0,0.0
btv1b90683489_f45.jpg,0.0,0.0,0.98,0.0,0.0,0.0,0.0,0.0,0.0,0.0,0.0,0.0,0.0,0.0,0.0
btv1b10721273j_f7.jpg,0.76,0.05,0.08,0.0,0.0,0.01,0.0,0.01,0.01,0.03,0.01,0.01,0.0,0.0,0.03
IRHT_P_006959.tif,0.28,0.25,0.41,0.0,0.0,0.01,0.01,0.01,0.01,0.02,0.0,0.0,0.0,0.0,0.0
B081056201_MS0114_00164.jpg,0.0,0.0,0.91,0.09,0.0,0.0,0.0,0.0,0.0,0.0,0.0,0.0,0.0,0.0,0.0
IRHT_P_007934.tif,0.0,0.0,1.0,0.0,0.0,0.0,0.0,0.0,0.0,0.0,0.0,0.0,0.0,0.0,0.0
btv1b10515439v_f16.jpg,0.0,0.13,0.67,0.05,0.07,0.05,0.01,0.0,0.0,0.01,0.01,0.0,0.0,0.0,0.0
CMDF_1_53a.jpg,0.0,0.0,0.05,0.0,0.03,0.11,0.21,0.01,0.01,0.52,0.02,0.0,0.01,0.01,0.0
IRHT_P_006588.tif,0.0,0.0,0.87,0.13,0.0,0.0,0.0,0.0,0.0,0.0,0.0,0.0,0.0,0.0,0.0
btv1b9072669x_f7.jpg,0.0,0.01,0.08,0.16,0.24,0.22,0.19,0.04,0.01,0.03,0.0,0.0,0.0,0.0,0.0
B721816101_MS0023_0121.jpg,0.04,0.54,0.41,0.0,0.0,0.0,0.0,0.0,0.0,0.0,0.0,0.0,0.0,0.0,0.0
CMDF_1_141b.jpg,0.09,0.02,0.01,0.0,0.0,0.0,0.0,0.0,0.0,0.86,0.01,0.0,0.0,0.0,0.0
IRHT_P_007079.tif,0.0,0.0,0.0,0.0,0.0,0.02,0.78,0.14,0.04,0.02,0.0,0.0,0.0,0.0,0.0
141186101_MS0014_354_in_4_018_0022.jpg,0.0,0.0,0.11,0.6,0.19,0.01,0.0,0.0,0.0,0.07,0.01,0.0,0.0,0.0,0.0
IRHT_P_006604.tif,0.0,0.04,0.95,0.0,0.0,0.01,0.0,0.0,0.0,0.0,0.0,0.0,0.0,0.0,0.0
B103876101_MS1327_00003_C.JPG,0.01,0.01,0.07,0.41,0.05,0.03,0.01,0.0,0.13,0.11,0.11,0.01,0.03,0.0,0.02
IRHT_039170_2.jpg,0.24,0.17,0.16,0.03,0.0,0.0,0.0,0.0,0.04,0.24,0.13,0.0,0.0,0.0,0.0
B103876101_MS1714_00320_C.JPG,0.0,0.0,0.07,0.41,0.23,0.06,0.0,0.0,0.0,0.0,0.19,0.01,0.0,0.0,0.02
IRHT_P_007853.tif,0.0,0.01,0.78,0.02,0.02,0.04,0.0,0.02,0.0,0.03,0.01,0.04,0.01,0.0,0.02
IRHT_065131_2.jpg,0.0,0.0,0.01,0.0,0.01,0.01,0.0,0.07,0.08,0.27,0.51,0.02,0.01,0.0,0.0
IRHT_P_007402.tif,0.0,0.0,0.0,0.0,0.0,0.02,0.08,0.01,0.41,0.48,0.0,0.0,0.0,0.0,0.0
btv1b9067142t_f154.jpg,0.04,0.0,0.04,0.01,0.04,0.73,0.08,0.0,0.0,0.03,0.0,0.01,0.0,0.01,0.0
IRHT_P_007322.tif,0.0,0.0,0.0,0.0,0.01,0.03,0.04,0.0,0.09,0.21,0.22,0.39,0.0,0.0,0.0
CMDF_1_157a.jpg,0.0,0.0,0.0,0.0,0.0,0.0,0.17,0.16,0.01,0.56,0.0,0.06,0.01,0.02,0.0
IRHT_11924_2.jpg,0.0,0.0,0.0,0.0,0.78,0.1,0.01,0.06,0.0,0.01,0.04,0.0,0.0,0.0,0.0
IRHT_P_006862.tif,0.0,0.0,0.02,0.05,0.45,0.47,0.01,0.0,0.0,0.0,0.0,0.0,0.0,0.0,0.0
btv1b90672603_f46.jpg,0.01,0.0,0.0,0.0,0.16,0.47,0.11,0.04,0.02,0.11,0.06,0.0,0.0,0.0,0.0
IRHT_08268_2.jpg,0.0,0.0,0.0,0.04,0.07,0.49,0.0,0.0,0.0,0.3,0.09,0.0,0.0,0.0,0.0
CMDF_1_27a.jpg,0.0,0.0,0.01,0.08,0.19,0.52,0.05,0.01,0.01,0.13,0.0,0.0,0.0,0.0,0.0
btv1b85410155_f17.jpg,0.08,0.09,0.74,0.0,0.0,0.01,0.01,0.01,0.01,0.03,0.02,0.01,0.0,0.0,0.0
btv1b9067228w_f7.jpg,0.01,0.0,0.17,0.01,0.14,0.53,0.01,0.01,0.01,0.04,0.05,0.0,0.01,0.0,0.0
IRHT_158095_2.jpg,0.0,0.0,0.0,0.01,0.21,0.09,0.2,0.42,0.02,0.05,0.01,0.0,0.0,0.0,0.0
B103876101_MS1907_00163_C.JPG,0.0,0.0,0.03,0.03,0.8,0.09,0.02,0.0,0.02,0.0,0.0,0.0,0.0,0.0,0.0
CMDF_1_152a.jpg,0.0,0.0,0.01,0.0,0.0,0.01,0.06,0.05,0.02,0.71,0.07,0.03,0.0,0.02,0.01
IRHT_099737_2.jpg,0.15,0.34,0.37,0.0,0.0,0.0,0.0,0.0,0.09,0.01,0.02,0.01,0.0,0.0,0.01
IRHT_P_002147.tif,0.0,0.0,0.01,0.0,0.0,0.01,0.08,0.01,0.02,0.06,0.4,0.01,0.32,0.08,0.01
710146101_S_019_019bis_0118.jpg,0.88,0.01,0.02,0.0,0.0,0.01,0.01,0.0,0.01,0.02,0.02,0.0,0.0,0.0,0.0
B870856101_MS0002_0151.jpg,0.0,0.0,0.12,0.05,0.79,0.01,0.0,0.0,0.01,0.02,0.0,0.0,0.0,0.0,0.0
IRHT_P_007830.tif,0.0,0.0,0.93,0.04,0.0,0.0,0.0,0.0,0.0,0.01,0.0,0.0,0.0,0.0,0.0
IRHT_052061_2.jpg,0.01,0.12,0.18,0.03,0.13,0.03,0.0,0.01,0.03,0.1,0.27,0.01,0.0,0.0,0.06
B514546101_MS0381_00039.jpg,0.0,0.0,0.0,0.0,0.01,0.02,0.03,0.62,0.17,0.1,0.05,0.0,0.0,0.0,0.0
btv1b10721190n_f46.jpg,0.0,0.0,0.03,0.01,0.37,0.44,0.01,0.01,0.01,0.06,0.04,0.0,0.01,0.0,0.0
IRHT_P_007066.tif,0.0,0.0,0.0,0.0,0.0,0.0,0.0,0.0,0.01,0.98,0.0,0.01,0.0,0.0,0.0
btv1b550058905_f63.jpg,0.0,0.0,0.0,0.0,0.0,0.01,0.7,0.28,0.0,0.0,0.0,0.0,0.0,0.0,0.0
B103876101_MS0893_0060.jpg,0.0,0.0,0.05,0.94,0.01,0.0,0.0,0.0,0.0,0.0,0.0,0.0,0.0,0.0,0.0
141185204_Coll_Mancel_MS0200_0005.jpg,0.0,0.0,0.12,0.0,0.02,0.0,0.02,0.26,0.16,0.11,0.23,0.05,0.01,0.0,0.0
btv1b8426288h_f151.jpg,0.43,0.2,0.16,0.01,0.0,0.03,0.02,0.0,0.01,0.05,0.04,0.01,0.02,0.01,0.01
btv1b55003999w_f651.jpg,0.01,0.0,0.07,0.24,0.26,0.1,0.18,0.02,0.0,0.09,0.01,0.01,0.0,0.0,0.01
IRHT_P_007955.tif,0.0,0.03,0.95,0.0,0.0,0.0,0.0,0.0,0.0,0.0,0.0,0.0,0.0,0.0,0.0
IRHT_P_005357.tif,0.07,0.08,0.55,0.03,0.02,0.01,0.02,0.01,0.07,0.08,0.02,0.0,0.01,0.0,0.01
IRHT_159348_2.jpg,0.0,0.0,0.94,0.05,0.0,0.0,0.0,0.0,0.0,0.0,0.0,0.0,0.0,0.0,0.0
IRHT_P_006715.tif,0.0,0.0,0.02,0.0,0.81,0.14,0.03,0.0,0.0,0.0,0.0,0.0,0.0,0.0,0.0
IRHT_160084_2.jpg,0.0,0.0,0.85,0.0,0.01,0.0,0.02,0.0,0.01,0.04,0.05,0.01,0.0,0.0,0.0
btv1b9077650c_f24.jpg,0.96,0.03,0.01,0.0,0.0,0.0,0.0,0.0,0.0,0.0,0.0,0.0,0.0,0.0,0.0
710146101_S_002_003_0199.jpg,0.96,0.01,0.01,0.0,0.0,0.0,0.0,0.0,0.0,0.01,0.0,0.0,0.0,0.0,0.0
IRHT_099740_2.jpg,0.0,0.7,0.19,0.04,0.0,0.0,0.0,0.0,0.0,0.03,0.03,0.0,0.0,0.0,0.01
IRHT_052972_2.jpg,0.01,0.06,0.13,0.01,0.09,0.01,0.01,0.03,0.03,0.07,0.52,0.03,0.0,0.0,0.0
IRHT_P_008038.tif,0.89,0.02,0.08,0.0,0.0,0.0,0.0,0.0,0.0,0.0,0.0,0.0,0.0,0.0,0.0
IRHT_038880_2.jpg,0.4,0.59,0.01,0.0,0.0,0.0,0.0,0.0,0.0,0.0,0.0,0.0,0.0,0.0,0.0
IRHT_024794_2.jpg,0.0,0.0,0.0,0.0,0.68,0.14,0.02,0.02,0.02,0.0,0.07,0.03,0.0,0.0,0.0
IRHT_04686_2.jpg,0.0,0.0,0.0,0.0,0.0,0.0,0.9,0.0,0.0,0.04,0.05,0.0,0.0,0.0,0.0
B591226101_MS1222_0010.jpg,0.0,0.32,0.4,0.0,0.01,0.07,0.02,0.01,0.03,0.07,0.02,0.02,0.01,0.01,0.01
M601415401_MS0599_0015.jpg,0.02,0.01,0.06,0.02,0.03,0.3,0.08,0.06,0.06,0.12,0.13,0.05,0.03,0.01,0.03
M601415401_MS0051_0465.jpg,0.05,0.01,0.09,0.02,0.02,0.18,0.24,0.08,0.02,0.17,0.06,0.02,0.01,0.02,0.02
IRHT_P_005292.tif,0.0,0.01,0.0,0.0,0.12,0.23,0.01,0.05,0.02,0.3,0.19,0.0,0.05,0.01,0.0
btv1b10723596j_f67.jpg,0.0,0.0,0.03,0.01,0.07,0.59,0.11,0.01,0.03,0.07,0.06,0.01,0.01,0.0,0.0
B591226101_MS1225_0071.jpg,0.0,0.0,0.03,0.02,0.24,0.11,0.01,0.01,0.04,0.41,0.09,0.02,0.01,0.0,0.0
452346101_MS0263_0024.jpg,0.87,0.04,0.01,0.0,0.02,0.0,0.01,0.0,0.01,0.02,0.01,0.0,0.0,0.0,0.0
CMDF_1_124a.jpg,0.07,0.16,0.06,0.01,0.02,0.19,0.01,0.0,0.0,0.12,0.12,0.01,0.03,0.11,0.08
IRHT_P_007919.tif,0.04,0.88,0.08,0.0,0.0,0.0,0.0,0.0,0.0,0.0,0.0,0.0,0.0,0.0,0.0
IRHT_P_007855.tif,0.0,0.0,0.86,0.05,0.01,0.01,0.01,0.01,0.0,0.02,0.0,0.0,0.01,0.0,0.01
btv1b8451637v_f345.jpg,0.75,0.05,0.02,0.0,0.0,0.01,0.01,0.0,0.02,0.03,0.04,0.01,0.01,0.01,0.03
CMDF_1_161b.jpg,0.03,0.0,0.0,0.01,0.0,0.0,0.01,0.0,0.0,0.23,0.01,0.02,0.57,0.1,0.02
IRHT_P_008000.tif,0.0,0.0,0.8,0.13,0.07,0.0,0.0,0.0,0.0,0.0,0.0,0.0,0.0,0.0,0.0
B490076101_MS0312_0013.jpg,0.0,0.04,0.22,0.13,0.35,0.13,0.11,0.01,0.0,0.01,0.01,0.0,0.0,0.0,0.0
591226101_MS0574_0037.jpg,0.0,0.0,0.0,0.0,0.0,0.0,0.01,0.0,0.02,0.76,0.2,0.01,0.0,0.0,0.0
IRHT_13776_2.jpg,0.0,0.0,0.01,0.04,0.06,0.05,0.05,0.02,0.03,0.61,0.11,0.01,0.01,0.0,0.0
B514546101_MS0681_00201.jpg,0.0,0.0,0.0,0.59,0.25,0.04,0.0,0.0,0.0,0.01,0.1,0.0,0.0,0.0,0.0
IRHT_092894_2.jpg,0.0,0.0,0.0,0.0,0.12,0.12,0.3,0.42,0.01,0.01,0.02,0.0,0.0,0.0,0.0
IRHT_13812_2.jpg,0.0,0.0,0.0,0.0,0.01,0.03,0.08,0.03,0.16,0.45,0.25,0.0,0.0,0.0,0.0
315556101_MS0084_0091.jpg,0.1,0.0,0.0,0.03,0.06,0.47,0.28,0.02,0.0,0.02,0.01,0.0,0.0,0.0,0.0
IRHT_095572_2.jpg,0.0,0.01,0.1,0.66,0.09,0.05,0.01,0.01,0.0,0.01,0.01,0.02,0.01,0.0,0.01
btv1b9078091j_f68.jpg,0.0,0.0,0.02,0.01,0.04,0.03,0.02,0.02,0.07,0.15,0.25,0.37,0.01,0.0,0.01
btv1b55005886f_f243.jpg,0.0,0.0,0.05,0.02,0.12,0.08,0.02,0.01,0.01,0.43,0.06,0.16,0.01,0.04,0.0
IRHT_161853_2.jpg,0.0,0.29,0.65,0.03,0.03,0.0,0.0,0.0,0.0,0.0,0.0,0.0,0.0,0.0,0.0
CMDF_1_119b.jpg,0.09,0.03,0.03,0.0,0.0,0.0,0.0,0.01,0.1,0.68,0.01,0.02,0.0,0.02,0.0
CMDF_1_156a.jpg,0.0,0.0,0.02,0.0,0.0,0.0,0.05,0.05,0.02,0.81,0.01,0.01,0.0,0.02,0.0
IRHT_P_007862.tif,0.01,0.03,0.19,0.3,0.39,0.03,0.0,0.0,0.0,0.05,0.0,0.0,0.0,0.0,0.0
B721816101_MS0357_0015.jpg,0.0,0.03,0.15,0.05,0.39,0.04,0.01,0.01,0.04,0.1,0.1,0.03,0.01,0.02,0.0
CMDF_1_143b.jpg,0.0,0.0,0.0,0.0,0.0,0.0,0.0,0.0,0.0,0.98,0.0,0.0,0.0,0.0,0.0
CMDF_1_18b.jpg,0.0,0.0,0.0,0.06,0.03,0.08,0.22,0.05,0.04,0.51,0.0,0.0,0.0,0.01,0.0
315556101_MS0888_0125.jpg,0.0,0.0,0.01,0.0,0.0,0.0,0.06,0.07,0.17,0.54,0.13,0.01,0.0,0.02,0.0
CMDF_1_176b.jpg,0.01,0.01,0.03,0.0,0.0,0.0,0.05,0.1,0.01,0.75,0.0,0.0,0.0,0.03,0.0
IRHT_P_006486.tif,0.01,0.33,0.61,0.0,0.0,0.01,0.0,0.0,0.02,0.0,0.0,0.0,0.01,0.0,0.0
352386106_MS0001_0021.jpg,0.0,0.0,0.02,0.06,0.56,0.14,0.02,0.06,0.03,0.04,0.04,0.01,0.02,0.0,0.0
btv1b90677061_f52.jpg,0.08,0.0,0.05,0.02,0.07,0.54,0.21,0.01,0.0,0.01,0.0,0.0,0.0,0.0,0.0
IRHT_P_007036.tif,0.0,0.0,0.0,0.0,0.08,0.86,0.04,0.02,0.0,0.0,0.0,0.0,0.0,0.0,0.0
IRHT_P_002474.tif,0.0,0.0,0.01,0.97,0.01,0.01,0.0,0.0,0.0,0.0,0.0,0.0,0.0,0.0,0.0
IRHT_P_007931.tif,0.0,0.32,0.67,0.0,0.0,0.0,0.0,0.0,0.0,0.0,0.0,0.0,0.0,0.0,0.0
btv1b8514398k_f59.jpg,1.0,0.0,0.0,0.0,0.0,0.0,0.0,0.0,0.0,0.0,0.0,0.0,0.0,0.0,0.0
IRHT_09689_2.jpg,0.0,0.0,0.0,0.0,0.03,0.23,0.28,0.09,0.07,0.27,0.01,0.0,0.01,0.0,0.0
IRHT_P_007867.tif,0.0,0.02,0.92,0.04,0.01,0.0,0.0,0.0,0.0,0.01,0.0,0.0,0.0,0.0,0.0
btv1b525060548_f83.jpg,0.0,0.04,0.63,0.3,0.01,0.0,0.0,0.0,0.0,0.01,0.0,0.0,0.0,0.0,0.0
IRHT_P_004803.tif,0.0,0.0,0.01,0.02,0.12,0.07,0.03,0.22,0.37,0.01,0.05,0.09,0.0,0.0,0.0
B591226101_MS0164_0245.jpg,0.98,0.01,0.01,0.0,0.0,0.0,0.0,0.0,0.0,0.0,0.0,0.0,0.0,0.0,0.0
IRHT_P_006870.tif,0.0,0.0,0.0,0.0,0.0,0.03,0.77,0.06,0.01,0.09,0.03,0.0,0.0,0.0,0.0
IRHT_041300_2.jpg,0.6,0.38,0.01,0.0,0.0,0.0,0.0,0.0,0.0,0.01,0.0,0.0,0.0,0.0,0.0
IRHT_054780_2.jpg,0.0,0.0,0.0,0.0,0.03,0.08,0.04,0.03,0.15,0.16,0.45,0.0,0.06,0.0,0.0
IRHT_052165_2.jpg,0.0,0.0,0.02,0.0,0.87,0.01,0.02,0.01,0.02,0.03,0.0,0.0,0.0,0.0,0.0
B514546101_MS0015_00150.jpg,0.04,0.71,0.05,0.01,0.0,0.01,0.0,0.02,0.02,0.14,0.01,0.0,0.0,0.0,0.0
btv1b71006162_f13.jpg,0.0,0.0,0.0,0.0,0.03,0.11,0.17,0.03,0.01,0.06,0.52,0.04,0.0,0.0,0.0
btv1b85409594_f86.jpg,1.0,0.0,0.0,0.0,0.0,0.0,0.0,0.0,0.0,0.0,0.0,0.0,0.0,0.0,0.0
IRHT_P_006453.tif,0.0,0.0,0.0,0.0,0.03,0.6,0.12,0.25,0.0,0.0,0.0,0.0,0.0,0.0,0.0
M601415401_MS0074_0034.jpg,0.01,0.01,0.03,0.0,0.0,0.04,0.06,0.03,0.03,0.09,0.37,0.16,0.1,0.03,0.03
btv1b84525491_f89.jpg,0.0,0.0,0.01,0.01,0.01,0.18,0.25,0.46,0.0,0.04,0.02,0.0,0.0,0.0,0.0
IRHT_099208_2.jpg,0.03,0.09,0.82,0.0,0.0,0.0,0.0,0.0,0.0,0.01,0.0,0.02,0.0,0.0,0.02
710146101_S_019_019bis_0200.jpg,0.67,0.05,0.05,0.02,0.0,0.04,0.01,0.0,0.0,0.03,0.03,0.01,0.0,0.06,0.02
IRHT_P_007004.tif,0.0,0.0,0.0,0.0,0.0,0.0,0.0,0.0,0.01,0.91,0.06,0.01,0.0,0.0,0.0
btv1b9066158c_f72.jpg,0.0,0.0,0.05,0.05,0.22,0.27,0.1,0.14,0.02,0.09,0.02,0.01,0.0,0.0,0.0
btv1b84328965_f119.jpg,0.0,0.01,0.05,0.0,0.0,0.05,0.01,0.01,0.06,0.06,0.66,0.05,0.02,0.0,0.01
IRHT_053173_2.jpg,0.78,0.04,0.05,0.02,0.0,0.02,0.01,0.01,0.01,0.04,0.0,0.01,0.0,0.0,0.01
btv1b90661376_f115.jpg,0.02,0.0,0.22,0.58,0.08,0.03,0.0,0.0,0.0,0.01,0.02,0.0,0.01,0.01,0.0
B103876101_MS1609_00125_C.JPG,0.0,0.01,0.17,0.04,0.36,0.06,0.0,0.0,0.13,0.01,0.22,0.0,0.0,0.0,0.0
IRHT_154683_2.jpg,0.11,0.01,0.05,0.02,0.02,0.07,0.28,0.06,0.05,0.18,0.06,0.02,0.01,0.02,0.03
IRHT_159222_2.jpg,0.01,0.12,0.03,0.0,0.0,0.03,0.08,0.08,0.02,0.26,0.0,0.0,0.0,0.33,0.03
CMDF_1_25a.jpg,0.03,0.0,0.02,0.01,0.14,0.33,0.04,0.01,0.0,0.33,0.07,0.0,0.0,0.0,0.0
IRHT_P_001999.tif,0.0,0.01,0.25,0.17,0.19,0.07,0.02,0.01,0.05,0.13,0.03,0.04,0.01,0.02,0.0
IRHT_081834_2.jpg,0.4,0.2,0.28,0.01,0.0,0.01,0.0,0.01,0.01,0.04,0.01,0.01,0.0,0.01,0.02
btv1b90678516_f45.jpg,0.01,0.01,0.2,0.04,0.12,0.37,0.03,0.02,0.01,0.06,0.05,0.01,0.05,0.0,0.02
500256201_MS0035_0103.jpg,0.03,0.78,0.13,0.01,0.0,0.01,0.0,0.0,0.0,0.01,0.01,0.0,0.0,0.0,0.01
btv1b52503826x_f91.jpg,0.0,0.0,0.0,0.01,0.07,0.86,0.02,0.0,0.01,0.01,0.01,0.0,0.0,0.0,0.0
B081056201_MS0172_00079.jpg,0.0,0.0,0.89,0.05,0.05,0.0,0.0,0.0,0.0,0.0,0.0,0.0,0.0,0.0,0.0
B591226101_MS0844_0007.jpg,0.01,0.0,0.02,0.0,0.0,0.02,0.02,0.03,0.26,0.47,0.1,0.01,0.05,0.0,0.02
btv1b90670145_f17.jpg,0.01,0.0,0.14,0.08,0.42,0.13,0.04,0.04,0.01,0.07,0.01,0.03,0.0,0.0,0.0
CMDF_1_167b.jpg,0.04,0.03,0.07,0.01,0.0,0.04,0.03,0.0,0.0,0.35,0.1,0.01,0.08,0.22,0.02
CMDF_1_69a.jpg,0.0,0.04,0.02,0.0,0.01,0.03,0.08,0.01,0.02,0.34,0.05,0.07,0.03,0.3,0.01
IRHT_080462_2.jpg,0.0,0.0,0.07,0.02,0.08,0.15,0.05,0.04,0.01,0.46,0.01,0.06,0.02,0.01,0.01
M601415401_MS0649_0082.jpg,0.0,0.0,0.12,0.03,0.39,0.17,0.22,0.0,0.01,0.02,0.02,0.0,0.01,0.0,0.0
IRHT_P_007902.tif,0.0,0.0,1.0,0.0,0.0,0.0,0.0,0.0,0.0,0.0,0.0,0.0,0.0,0.0,0.0
B103876101_MS1162_00038_C.JPG,0.0,0.0,0.54,0.27,0.12,0.02,0.0,0.0,0.0,0.01,0.03,0.0,0.0,0.0,0.0
btv1b60002931_f15.jpg,0.0,0.0,0.01,0.0,0.04,0.3,0.49,0.03,0.0,0.11,0.0,0.0,0.0,0.0,0.0
IRHT_304320_2.jpg,0.01,0.02,0.07,0.01,0.05,0.08,0.06,0.09,0.02,0.2,0.16,0.12,0.05,0.06,0.02
B103876101_MS1609_00052_C.JPG,0.0,0.01,0.33,0.01,0.32,0.08,0.0,0.0,0.09,0.06,0.09,0.0,0.0,0.0,0.0
M601415401_MS0428_0097.jpg,0.0,0.0,0.01,0.06,0.88,0.06,0.0,0.0,0.0,0.0,0.0,0.0,0.0,0.0,0.0
IRHT_P_007866.tif,0.0,0.0,0.99,0.0,0.0,0.0,0.0,0.0,0.0,0.0,0.0,0.0,0.0,0.0,0.0
IRHT_P_007068.tif,0.0,0.0,0.0,0.0,0.0,0.0,0.0,0.05,0.23,0.72,0.01,0.0,0.0,0.0,0.0
IRHT_173192_2.jpg,0.0,0.0,0.0,0.01,0.05,0.61,0.08,0.04,0.0,0.17,0.03,0.0,0.0,0.0,0.0
M601415401_MS0734_0009.jpg,0.0,0.0,0.01,0.0,0.38,0.3,0.28,0.01,0.01,0.01,0.0,0.0,0.0,0.0,0.0
IRHT_P_007963.tif,0.0,0.0,0.36,0.49,0.02,0.09,0.01,0.0,0.01,0.02,0.0,0.0,0.0,0.0,0.0
CMDF_1_23a.jpg,0.0,0.0,0.0,0.03,0.1,0.17,0.02,0.01,0.0,0.66,0.01,0.0,0.0,0.0,0.0
CMDF_1_75a.jpg,0.01,0.0,0.01,0.0,0.0,0.0,0.01,0.0,0.02,0.89,0.03,0.01,0.0,0.0,0.0
CMDF_1_127b.jpg,0.06,0.02,0.02,0.0,0.0,0.0,0.0,0.0,0.0,0.84,0.01,0.0,0.0,0.04,0.0
B721816101_MS0074_0010.jpg,0.11,0.0,0.04,0.01,0.01,0.02,0.04,0.02,0.08,0.28,0.24,0.09,0.01,0.02,0.03
IRHT_P_009410.tif,0.02,0.0,0.0,0.0,0.0,0.01,0.0,0.01,0.22,0.1,0.11,0.38,0.06,0.07,0.01
btv1b9081018h_f44.jpg,0.0,0.0,0.12,0.44,0.35,0.05,0.01,0.01,0.0,0.01,0.0,0.01,0.0,0.0,0.0
IRHT_163568_2.jpg,0.0,0.0,0.0,0.0,0.0,0.0,0.01,0.82,0.08,0.04,0.05,0.0,0.0,0.0,0.0
341722104_H_084_0008.jpg,0.18,0.01,0.0,0.0,0.0,0.0,0.05,0.0,0.0,0.72,0.04,0.0,0.0,0.0,0.0
IRHT_153645_2.jpg,0.0,0.0,0.97,0.0,0.0,0.0,0.0,0.0,0.0,0.0,0.0,0.01,0.0,0.0,0.0
B081056201_MS0244_00025.jpg,0.0,0.0,0.0,0.0,0.07,0.68,0.04,0.15,0.02,0.01,0.02,0.0,0.0,0.0,0.0
IRHT_P_007065.tif,0.0,0.0,0.0,0.0,0.02,0.03,0.02,0.01,0.08,0.45,0.37,0.0,0.0,0.0,0.01
B514546101_MS0381_00009.jpg,0.02,0.0,0.0,0.0,0.03,0.03,0.11,0.63,0.11,0.03,0.01,0.01,0.0,0.01,0.0
M601415401_MS0599_0008.jpg,0.02,0.02,0.09,0.02,0.05,0.28,0.08,0.08,0.04,0.13,0.08,0.06,0.02,0.02,0.01
B381856103_MS00091_0022.jpg,0.0,0.0,0.19,0.15,0.28,0.17,0.01,0.01,0.06,0.08,0.02,0.0,0.0,0.0,0.0
IRHT_P_007993.tif,0.69,0.23,0.08,0.0,0.0,0.0,0.0,0.0,0.0,0.0,0.0,0.0,0.0,0.0,0.0
IRHT_040142_2.jpg,0.0,0.0,0.03,0.83,0.0,0.01,0.0,0.0,0.0,0.06,0.05,0.0,0.01,0.0,0.0
IRHT_158387_2.jpg,0.01,0.0,0.56,0.23,0.07,0.03,0.01,0.01,0.01,0.05,0.0,0.0,0.0,0.0,0.0
IRHT_P_008988.tif,0.0,0.0,0.0,0.0,0.37,0.46,0.03,0.0,0.01,0.01,0.13,0.0,0.0,0.0,0.0
IRHT_161212_2.jpg,0.01,0.64,0.21,0.02,0.0,0.0,0.01,0.01,0.02,0.05,0.01,0.01,0.0,0.0,0.0
IRHT_P_006631.tif,0.0,0.0,0.0,0.0,0.0,0.0,0.0,0.02,0.16,0.26,0.47,0.07,0.01,0.0,0.0
IRHT_14768_2.jpg,0.0,0.0,0.01,0.0,0.16,0.33,0.02,0.02,0.18,0.18,0.09,0.0,0.0,0.0,0.0
CMDF_1_168b.jpg,0.08,0.01,0.04,0.0,0.0,0.02,0.04,0.0,0.01,0.74,0.01,0.01,0.0,0.02,0.01
751062305_Ms_Mas_0013_0016.jpg,0.01,0.0,0.03,0.02,0.06,0.2,0.39,0.01,0.03,0.14,0.05,0.01,0.02,0.02,0.01
CMDF_1_135b.jpg,0.0,0.0,0.0,0.0,0.0,0.0,0.0,0.01,0.02,0.92,0.02,0.0,0.0,0.0,0.01
141185204_Coll_Mancel_MS0068_0134.jpg,0.0,0.0,0.0,0.0,0.0,0.0,0.02,0.02,0.28,0.17,0.26,0.21,0.03,0.0,0.01
IRHT_P_006897.tif,0.0,0.0,0.08,0.0,0.0,0.0,0.01,0.0,0.25,0.18,0.11,0.24,0.01,0.07,0.03
btv1b9066020k_f62.jpg,0.0,0.0,0.01,0.0,0.01,0.02,0.19,0.23,0.04,0.14,0.19,0.16,0.01,0.0,0.0
IRHT_P_006876.tif,0.01,0.03,0.1,0.0,0.0,0.0,0.0,0.01,0.08,0.1,0.6,0.04,0.02,0.0,0.0
IRHT_162997_2.jpg,0.99,0.01,0.0,0.0,0.0,0.0,0.0,0.0,0.0,0.0,0.0,0.0,0.0,0.0,0.0
CMDF_1_13b.jpg,0.0,0.0,0.0,0.26,0.52,0.0,0.02,0.0,0.0,0.19,0.0,0.0,0.0,0.0,0.0
CMDF_1_136b.jpg,0.03,0.2,0.03,0.0,0.03,0.06,0.02,0.02,0.01,0.51,0.09,0.0,0.0,0.0,0.0
IRHT_P_008057.tif,0.02,0.46,0.48,0.0,0.0,0.0,0.0,0.0,0.0,0.02,0.0,0.0,0.0,0.0,0.0
CMDF_1_178b.jpg,0.01,0.0,0.01,0.03,0.12,0.01,0.03,0.03,0.01,0.75,0.0,0.0,0.0,0.0,0.0
IRHT_056547_2.jpg,0.0,0.0,0.0,0.0,0.55,0.23,0.0,0.01,0.05,0.0,0.15,0.0,0.0,0.0,0.0
315556101_MS0118_0209.jpg,0.0,0.0,0.5,0.03,0.04,0.05,0.28,0.0,0.01,0.04,0.03,0.01,0.0,0.0,0.0
IRHT_146481_2.jpg,0.0,0.84,0.15,0.0,0.0,0.0,0.0,0.0,0.0,0.0,0.0,0.0,0.0,0.0,0.0
B501296201_MS0014_0026.jpg,0.0,0.0,0.01,0.02,0.08,0.71,0.02,0.05,0.04,0.02,0.04,0.0,0.0,0.0,0.0
IRHT_039001_2.jpg,0.48,0.27,0.08,0.03,0.0,0.0,0.0,0.0,0.04,0.06,0.03,0.0,0.0,0.0,0.0
CMDF_1_78a.jpg,0.0,0.0,0.03,0.0,0.01,0.02,0.03,0.01,0.01,0.83,0.02,0.0,0.0,0.0,0.01
B140475201_MS0121_0079.jpg,0.01,0.0,0.04,0.42,0.39,0.01,0.01,0.01,0.01,0.06,0.02,0.01,0.0,0.0,0.0
btv1b9078197c_f71.jpg,0.0,0.0,0.01,0.0,0.13,0.75,0.02,0.0,0.01,0.02,0.03,0.01,0.01,0.0,0.01
M601415401_MS0487_0027.jpg,0.01,0.0,0.03,0.01,0.01,0.01,0.39,0.09,0.08,0.25,0.09,0.01,0.01,0.0,0.01
710146101_S_022_020_A_0009.jpg,0.98,0.0,0.01,0.0,0.0,0.01,0.0,0.0,0.0,0.0,0.0,0.0,0.0,0.0,0.0
btv1b84496839_f193.jpg,0.01,0.0,0.01,0.0,0.03,0.52,0.18,0.11,0.01,0.06,0.03,0.01,0.01,0.0,0.0
btv1b8446936r_f109.jpg,0.0,0.0,0.01,0.02,0.08,0.3,0.18,0.01,0.09,0.07,0.22,0.01,0.0,0.0,0.0
M601415401_MS0040_0011.jpg,0.77,0.01,0.06,0.0,0.0,0.0,0.01,0.0,0.02,0.06,0.04,0.01,0.01,0.0,0.01
500256201_MS0236_0103.jpg,0.74,0.15,0.1,0.0,0.0,0.0,0.0,0.0,0.0,0.01,0.0,0.0,0.0,0.0,0.0
B081056201_MS0125_00012.jpg,0.01,0.0,0.01,0.0,0.08,0.29,0.07,0.02,0.17,0.14,0.06,0.01,0.1,0.02,0.01
btv1b55003999w_f317.jpg,0.02,0.0,0.1,0.31,0.17,0.1,0.03,0.02,0.0,0.2,0.0,0.02,0.0,0.02,0.0
IRHT_P_009039.tif,0.0,0.0,0.0,0.0,0.0,0.0,0.01,0.16,0.0,0.8,0.02,0.0,0.0,0.0,0.0
IRHT_P_006030.tif,0.22,0.33,0.08,0.0,0.0,0.01,0.0,0.01,0.01,0.17,0.06,0.03,0.05,0.0,0.01
IRHT_P_008058.tif,0.0,0.01,0.97,0.02,0.0,0.0,0.0,0.0,0.0,0.0,0.0,0.0,0.0,0.0,0.0
IRHT_160096_2.jpg,0.81,0.11,0.01,0.0,0.0,0.0,0.0,0.0,0.0,0.01,0.0,0.0,0.01,0.03,0.01
B610016201_MS0026_0021.jpg,0.01,0.69,0.22,0.03,0.0,0.0,0.0,0.0,0.01,0.02,0.01,0.0,0.0,0.0,0.0
763516101_MS0332_0084.jpg,0.05,0.35,0.53,0.0,0.0,0.01,0.01,0.0,0.0,0.01,0.0,0.03,0.0,0.0,0.0
B441096101_MS0030_0014.jpg,0.06,0.01,0.23,0.13,0.03,0.23,0.06,0.01,0.01,0.15,0.04,0.01,0.0,0.01,0.01
B511086101_MS0063_00011_C.JPG,0.0,0.0,0.01,0.08,0.12,0.33,0.0,0.0,0.03,0.1,0.28,0.0,0.0,0.0,0.04
IRHT_P_007983.tif,0.02,0.34,0.41,0.1,0.07,0.03,0.02,0.0,0.0,0.0,0.0,0.0,0.0,0.0,0.0
B103876101_MS0587_00086_C.JPG,0.0,0.0,0.62,0.38,0.0,0.0,0.0,0.0,0.0,0.0,0.0,0.0,0.0,0.0,0.0
452346101_MS0092_0009.jpg,0.99,0.0,0.0,0.0,0.0,0.0,0.0,0.0,0.0,0.01,0.0,0.0,0.0,0.0,0.0
IRHT_P_007909.tif,0.26,0.14,0.33,0.02,0.01,0.01,0.01,0.01,0.01,0.12,0.03,0.02,0.01,0.01,0.03
IRHT_P_007307.tif,0.0,0.0,0.0,0.0,0.0,0.0,0.02,0.11,0.15,0.7,0.01,0.0,0.0,0.0,0.0
B250566101_MS0143_0136.jpg,0.01,0.13,0.82,0.01,0.0,0.02,0.0,0.0,0.0,0.0,0.0,0.0,0.0,0.0,0.0
B514546101_MS0225_00116.jpg,0.0,0.01,0.98,0.0,0.0,0.0,0.0,0.0,0.0,0.0,0.0,0.0,0.0,0.0,0.0
B591226101_MS0164_0062.jpg,0.96,0.02,0.02,0.0,0.0,0.0,0.0,0.0,0.0,0.0,0.0,0.0,0.0,0.0,0.0
IRHT_171876_2.jpg,0.0,0.0,0.0,0.0,0.0,0.01,0.3,0.61,0.04,0.04,0.0,0.0,0.0,0.0,0.0
IRHT_162718_2.jpg,0.0,0.0,0.0,0.39,0.56,0.01,0.01,0.0,0.0,0.0,0.03,0.0,0.0,0.0,0.0
btv1b8555843r_f107.jpg,0.0,0.0,0.01,0.0,0.0,0.01,0.01,0.0,0.03,0.06,0.85,0.02,0.01,0.0,0.01
btv1b9076819z_f57.jpg,0.03,0.4,0.37,0.02,0.01,0.03,0.01,0.0,0.02,0.08,0.04,0.0,0.0,0.0,0.0
IRHT_P_007856.tif,0.82,0.01,0.06,0.0,0.02,0.02,0.01,0.0,0.0,0.04,0.0,0.01,0.0,0.0,0.0
IRHT_054772_2.jpg,0.0,0.02,0.11,0.01,0.03,0.04,0.12,0.1,0.05,0.08,0.34,0.04,0.01,0.01,0.03
B514546101_MS0260_00105.jpg,0.01,0.01,0.17,0.0,0.07,0.02,0.26,0.19,0.04,0.16,0.03,0.02,0.01,0.02,0.0
500256201_MS0236_0011.jpg,0.89,0.02,0.03,0.01,0.0,0.01,0.01,0.0,0.0,0.02,0.02,0.0,0.0,0.0,0.0
452346101_MSMS0221_0016.jpg,0.64,0.01,0.24,0.0,0.0,0.0,0.0,0.0,0.0,0.06,0.01,0.01,0.02,0.01,0.0
710766101_MS0009_0067.jpg,0.0,0.18,0.78,0.0,0.0,0.04,0.0,0.0,0.0,0.0,0.0,0.0,0.0,0.0,0.0
IRHT_P_006628.tif,0.0,0.0,0.0,0.0,0.01,0.07,0.07,0.4,0.25,0.18,0.01,0.0,0.0,0.0,0.0
IRHT_P_006911.tif,0.0,0.0,0.0,0.0,0.0,0.0,0.0,0.0,0.19,0.78,0.02,0.0,0.0,0.0,0.0
840076101_MS0325_0016.jpg,0.0,0.0,0.0,0.0,0.0,0.0,0.01,0.0,0.08,0.46,0.43,0.01,0.01,0.0,0.0
IRHT_052700_2.jpg,0.91,0.0,0.0,0.0,0.0,0.0,0.0,0.0,0.04,0.01,0.01,0.0,0.0,0.0,0.0
CMDF_1_182b.jpg,0.0,0.0,0.0,0.01,0.02,0.24,0.13,0.05,0.01,0.54,0.01,0.0,0.0,0.0,0.0
B103876101_MS1716_0112.jpg,0.0,0.0,0.03,0.07,0.67,0.21,0.0,0.0,0.0,0.0,0.01,0.0,0.0,0.0,0.0
IRHT_P_007342.tif,0.0,0.0,0.0,0.0,0.01,0.01,0.01,0.09,0.46,0.25,0.14,0.01,0.01,0.0,0.0
IRHT_099176_2.jpg,0.01,0.1,0.4,0.01,0.0,0.01,0.01,0.01,0.11,0.25,0.1,0.01,0.0,0.0,0.0
CMDF_1_116a.jpg,0.0,0.0,0.1,0.0,0.01,0.0,0.02,0.0,0.01,0.75,0.0,0.01,0.0,0.01,0.09
B081056201_MS0234_00009.jpg,0.0,0.0,0.0,0.0,0.0,0.41,0.36,0.14,0.03,0.02,0.03,0.0,0.0,0.0,0.0
btv1b9078172j_f83.jpg,0.99,0.0,0.0,0.0,0.0,0.0,0.0,0.0,0.0,0.0,0.0,0.0,0.0,0.0,0.0
B081056201_MS0189_00009.jpg,0.0,0.14,0.7,0.05,0.0,0.0,0.0,0.0,0.01,0.04,0.04,0.0,0.0,0.01,0.0
btv1b6000563x_f25.jpg,0.01,0.0,0.01,0.0,0.03,0.63,0.29,0.02,0.0,0.0,0.0,0.0,0.0,0.0,0.0
btv1b8541005s_f229.jpg,0.0,0.0,0.85,0.04,0.02,0.02,0.01,0.0,0.01,0.03,0.01,0.01,0.0,0.0,0.0
